createdTime,hostname,logID,logComment,updateTime(s),elapsedSec,count,outlier,logType,dev
2022-08-25 10:05,Host1,0_0,ON,1661389503,0,1,0,Switch,0
2022-08-25 10:06,Host1,7_0,f1,1661389585,82,1,0,Campfire,0
2022-08-25 10:09,Host1,1_1,Get Homerun,1661389740,237,1,0,CheckPoint,0
2022-08-25 10:10,Host1,1_2,Frog With Flowers,1661389823,320,1,0,CheckPoint,0
2022-08-25 10:12,Host1,2_0,Enter Town,1661389925,422,1,0,CheckPoint,0
2022-08-25 10:12,Host1,7_0,f2,1661389952,449,1,0,Campfire,0
2022-08-25 10:13,Host1,2_1,Across The River,1661389981,478,1,0,CheckPoint,0
2022-08-25 10:13,Host1,2_2,Splash Combat,1661389999,496,1,0,CheckPoint,0
2022-08-25 10:14,Host1,2_3,Cave Entrance,1661390085,582,1,0,CheckPoint,0
2022-08-25 10:15,Host2,0_0,ON,1661390132,0,1,0,Switch,0
2022-08-25 10:16,Host1,2_4,Find Fruit,1661390164,661,1,0,CheckPoint,0
2022-08-25 10:16,Host1,8_0,Dead,1661390188,685,1,0,Dead,0
2022-08-25 10:16,Host1,8_0,Dead,1661390165,662,1,0,Dead,0
2022-08-25 10:17,Host3,0_0,ON,1661390237,0,1,0,Switch,0
2022-08-25 10:18,Host3,7_0,f1,1661390329,92,1,0,Campfire,0
2022-08-25 10:18,Host2,7_0,f1,1661390283,152,1,0,Campfire,0
2022-08-25 10:19,Host2,8_0,Dead,1661390392,260,1,0,Dead,0
2022-08-25 10:20,Host3,8_0,Dead,1661390412,175,1,0,Dead,0
2022-08-25 10:21,Host2,8_0,Dead,1661390484,353,1,0,Dead,0
2022-08-25 10:22,Host3,8_0,Dead,1661390538,302,1,0,Dead,0
2022-08-25 10:22,Host4,0_0,ON,1661390532,0,1,0,Switch,0
2022-08-25 10:22,Host2,1_1,Get Homerun,1661390579,448,1,0,CheckPoint,0
2022-08-25 10:23,Host3,1_1,Get Homerun,1661390631,394,1,0,CheckPoint,0
2022-08-25 10:23,Host4,7_0,f1,1661390614,82,1,0,Campfire,0
2022-08-25 10:24,Host2,1_2,Frog With Flowers,1661390687,556,1,0,CheckPoint,0
2022-08-25 10:25,Host3,1_2,Frog With Flowers,1661390738,501,1,0,CheckPoint,0
2022-08-25 10:25,Host4,8_0,Dead,1661390720,188,1,0,Dead,0
2022-08-25 10:26,Host3,7_0,f1,1661390813,576,1,0,Campfire,0
2022-08-25 10:26,Host3,7_0,f1,1661390786,550,1,0,Campfire,0
2022-08-25 10:26,Host5,0_0,ON,1661390802,0,1,0,Switch,0
2022-08-25 10:26,Host4,1_1,Get Homerun,1661390811,279,1,0,CheckPoint,0
2022-08-25 10:26,Host2,7_0,f1,1661390804,673,1,0,Campfire,0
2022-08-25 10:27,Host3,2_0,Enter Town,1661390826,589,1,0,CheckPoint,0
2022-08-25 10:27,Host3,2_1,Across The River,1661390875,638,1,0,CheckPoint,0
2022-08-25 10:27,Host3,7_0,f2,1661390847,610,1,0,Campfire,0
2022-08-25 10:28,Host5,7_0,f1,1661390904,102,1,0,Campfire,0
2022-08-25 10:28,Host2,2_0,Enter Town,1661390889,758,1,0,CheckPoint,0
2022-08-25 10:29,Host3,2_2,Splash Combat,1661390976,739,1,0,CheckPoint,0
2022-08-25 10:29,Host4,1_2,Frog With Flowers,1661390991,459,1,0,CheckPoint,0
2022-08-25 10:29,Host2,2_1,Across The River,1661390980,848,1,0,CheckPoint,0
2022-08-25 10:29,Host2,7_0,f2,1661390943,811,1,0,Campfire,0
2022-08-25 10:30,Host2,2_2,Splash Combat,1661391028,897,1,0,CheckPoint,0
2022-08-25 10:31,Host3,2_3,Cave Entrance,1661391089,852,1,0,CheckPoint,0
2022-08-25 10:31,Host5,1_1,Get Homerun,1661391092,290,1,0,CheckPoint,0
2022-08-25 10:31,Host2,7_0,f2,1661391088,956,1,0,Campfire,0
2022-08-25 10:31,Host2,8_0,Dead,1661391081,950,1,0,Dead,0
2022-08-25 10:32,Host3,2_4,Find Fruit,1661391157,921,1,0,CheckPoint,0
2022-08-25 10:32,Host4,2_0,Enter Town,1661391129,597,1,0,CheckPoint,0
2022-08-25 10:33,Host3,3_0,Out of the Cave,1661391201,965,1,0,CheckPoint,0
2022-08-25 10:33,Host3,7_0,f2,1661391217,981,1,0,Campfire,0
2022-08-25 10:33,Host5,1_2,Frog With Flowers,1661391183,381,1,0,CheckPoint,0
2022-08-25 10:33,Host5,2_0,Enter Town,1661391235,433,1,0,CheckPoint,0
2022-08-25 10:33,Host5,7_0,f1,1661391211,409,1,0,Campfire,0
2022-08-25 10:33,Host4,2_1,Across The River,1661391224,692,1,0,CheckPoint,0
2022-08-25 10:33,Host4,7_0,f2,1661391191,659,1,0,Campfire,0
2022-08-25 10:33,Host2,2_3,Cave Entrance,1661391236,1104,1,0,CheckPoint,0
2022-08-25 10:34,Host5,7_0,f2,1661391299,497,1,0,Campfire,0
2022-08-25 10:34,Host4,2_2,Splash Combat,1661391294,762,1,0,CheckPoint,0
2022-08-25 10:35,Host3,8_0,Dead,1661391352,1115,1,0,Dead,0
2022-08-25 10:35,Host5,2_1,Across The River,1661391327,525,1,0,CheckPoint,0
2022-08-25 10:35,Host5,2_2,Splash Combat,1661391347,545,1,0,CheckPoint,0
2022-08-25 10:35,Host2,2_4,Find Fruit,1661391300,1168,1,0,CheckPoint,0
2022-08-25 10:35,Host2,3_0,Out of the Cave,1661391343,1212,1,0,CheckPoint,0
2022-08-25 10:36,Host5,2_3,Cave Entrance,1661391420,618,1,0,CheckPoint,0
2022-08-25 10:36,Host4,8_0,Dead,1661391360,828,1,0,Dead,0
2022-08-25 10:36,Host2,2_3b,Secret Room,1661391385,1253,1,0,CheckPoint,0
2022-08-25 10:36,Host2,8_0,Dead,1661391417,1285,1,0,Dead,0
2022-08-25 10:36,Host6,0_0,ON,1661391412,0,1,0,Switch,0
2022-08-25 10:37,Host3,6_0,OFF,1661391453,1217,1,0,Switch,0
2022-08-25 10:37,Host5,2_4,Find Fruit,1661391470,668,1,0,CheckPoint,0
2022-08-25 10:37,Host4,2_3,Cave Entrance,1661391480,948,1,0,CheckPoint,0
2022-08-25 10:38,Host7,0_0,ON,1661391499,0,1,0,Switch,0
2022-08-25 10:38,Host5,3_0,Out of the Cave,1661391503,701,1,0,CheckPoint,0
2022-08-25 10:38,Host4,8_0,Dead,1661391522,990,1,0,Dead,0
2022-08-25 10:38,Host6,7_0,f1,1661391488,76,1,0,Campfire,0
2022-08-25 10:39,Host7,7_0,f1,1661391579,80,1,0,Campfire,0
2022-08-25 10:39,Host6,8_0,Dead,1661391588,176,1,0,Dead,0
2022-08-25 10:40,Host5,7_0,f2,1661391647,846,1,0,Campfire,0
2022-08-25 10:41,Host7,8_0,Dead,1661391666,167,1,0,Dead,0
2022-08-25 10:41,Host7,6_0,OFF,1661391671,172,1,0,Switch,0
2022-08-25 10:41,Host2,3_1,Town Cave,1661391697,1565,1,0,CheckPoint,0
2022-08-25 10:41,Host2,3_2,Bomb & Fruit,1661391713,1581,1,0,CheckPoint,0
2022-08-25 10:41,Host2,7_0,f2,1661391670,1539,1,0,Campfire,0
2022-08-25 10:41,Host6,8_0,Dead,1661391683,270,1,0,Dead,0
2022-08-25 10:41,Host6,6_0,OFF,1661391695,283,1,0,Switch,0
2022-08-25 10:42,Host5,8_0,Dead,1661391732,930,1,0,Dead,0
2022-08-25 10:42,Host2,3_3,Get Key,1661391742,1611,1,0,CheckPoint,0
2022-08-25 10:43,Host2,4_0,Boss,1661391787,1656,1,0,CheckPoint,0
2022-08-25 10:44,Host5,3_1,Town Cave,1661391875,1073,1,0,CheckPoint,0
2022-08-25 10:44,Host5,3_2,Bomb & Fruit,1661391900,1098,1,0,CheckPoint,0
2022-08-25 10:44,Host5,7_0,f2,1661391847,1045,1,0,Campfire,0
2022-08-25 10:44,Host2,4_0,Boss,1661391849,1717,1,0,CheckPoint,0
2022-08-25 10:44,Host2,8_0,Dead,1661391842,1710,1,0,Dead,0
2022-08-25 10:44,Host2,6_0,OFF,1661391852,1720,1,0,Switch,0
2022-08-25 10:45,Host5,3_3,Get Key,1661391930,1128,1,0,CheckPoint,0
2022-08-25 10:46,Host5,4_0,Boss,1661391979,1177,1,0,CheckPoint,0
2022-08-25 10:47,Host5,8_0,Dead,1661392069,1267,1,0,Dead,0
2022-08-25 10:50,Host5,8_0,Dead,1661392247,1445,1,0,Dead,0
2022-08-25 10:50,Host5,6_0,OFF,1661392255,1454,1,0,Switch,0
2022-08-25 11:38,Host8,0_0,ON,1661395104,0,1,0,Switch,0
2022-08-25 11:39,Host8,7_0,f1,1661395181,77,1,0,Campfire,0
2022-08-25 11:42,Host8,1_1,Get Homerun,1661395327,223,1,0,CheckPoint,0
2022-08-25 11:45,Host8,1_2,Frog With Flowers,1661395528,424,1,0,CheckPoint,0
2022-08-25 11:47,Host9,0_0,ON,1661395630,0,1,1,Switch,0
2022-08-25 11:48,Host9,7_0,f1,1661395695,65,1,1,Campfire,0
2022-08-25 11:49,Host8,2_0,Enter Town,1661395767,663,1,0,CheckPoint,0
2022-08-25 11:49,Host8,7_0,f2,1661395796,692,1,0,Campfire,0
2022-08-25 11:49,Host9,1_1,Get Homerun,1661395786,156,1,1,CheckPoint,0
2022-08-25 11:50,Host8,2_1,Across The River,1661395822,718,1,0,CheckPoint,0
2022-08-25 11:50,Host8,2_2,Splash Combat,1661395849,745,1,0,CheckPoint,0
2022-08-25 11:51,Host9,1_2,Frog With Flowers,1661395883,252,1,1,CheckPoint,0
2022-08-25 11:52,Host8,7_0,f2,1661395928,824,1,0,Campfire,0
2022-08-25 11:52,Host8,8_0,Dead,1661395921,817,1,0,Dead,0
2022-08-25 11:52,Host9,2_0,Enter Town,1661395970,339,1,1,CheckPoint,0
2022-08-25 11:53,Host8,2_3,Cave Entrance,1661396014,910,1,0,CheckPoint,0
2022-08-25 11:53,Host9,2_1,Across The River,1661396035,405,1,1,CheckPoint,0
2022-08-25 11:53,Host9,7_0,f2,1661396013,382,1,1,Campfire,0
2022-08-25 11:54,Host8,2_4,Find Fruit,1661396077,973,1,0,CheckPoint,0
2022-08-25 11:54,Host8,8_0,Dead,1661396050,946,1,0,Dead,0
2022-08-25 11:54,Host9,2_2,Splash Combat,1661396051,421,1,1,CheckPoint,0
2022-08-25 11:55,Host8,3_0,Out of the Cave,1661396131,1027,1,0,CheckPoint,0
2022-08-25 11:55,Host9,8_0,Dead,1661396124,494,1,1,Dead,0
2022-08-25 11:56,Host8,8_0,Dead,1661396174,1070,1,0,Dead,0
2022-08-25 11:57,Host9,2_3,Cave Entrance,1661396231,600,1,1,CheckPoint,0
2022-08-25 11:57,Host9,2_3b,Secret Room,1661396252,621,1,1,CheckPoint,0
2022-08-25 11:58,Host8,7_0,f2,1661396334,1230,1,0,Campfire,0
2022-08-25 11:58,Host10,0_0,ON,1661396313,0,1,0,Switch,0
2022-08-25 11:58,Host9,2_4,Find Fruit,1661396289,658,1,1,CheckPoint,0
2022-08-25 11:58,Host9,3_0,Out of the Cave,1661396315,685,1,1,CheckPoint,0
2022-08-25 11:59,Host8,3_1,Town Cave,1661396350,1246,1,0,CheckPoint,0
2022-08-25 11:59,Host8,3_2,Bomb & Fruit,1661396372,1268,1,0,CheckPoint,0
2022-08-25 11:59,Host10,7_0,f1,1661396397,85,1,0,Campfire,0
2022-08-25 11:59,Host10,7_0,f1,1661396394,81,1,0,Campfire,0
2022-08-25 12:00,Host3,0_0,ON,1661396421,0,2,0,Switch,0
2022-08-29 12:30,Host11,6_0,OFF,1661743822,1163,3,0,Switch,1
2022-08-25 12:00,Host8,3_3,Get Key,1661396449,1345,1,0,CheckPoint,0
2022-08-29 12:29,Host11,5_0,Clear,1661743793,1134,3,0,Clear,1
2022-08-25 12:00,Host9,8_0,Dead,1661396432,802,1,1,Dead,0
2022-08-25 12:01,Host3,7_0,f1,1661396467,46,2,0,Campfire,0
2022-08-29 12:26,Host11,4_0,Boss,1661743565,906,3,0,CheckPoint,1
2022-08-25 12:01,Host8,4_0,Boss,1661396491,1387,1,0,CheckPoint,0
2022-08-29 12:25,Host11,7_0,f1,1661743537,878,3,0,Campfire,1
2022-08-29 12:24,Host11,3_1,Town Cave,1661743452,793,3,0,CheckPoint,1
2022-08-25 12:01,Host9,8_0,Dead,1661396514,883,1,1,Dead,0
2022-08-25 12:02,Host3,1_1,Get Homerun,1661396541,120,2,0,CheckPoint,0
2022-08-29 12:24,Host11,3_2,Bomb & Fruit,1661743464,805,3,0,CheckPoint,1
2022-08-29 12:24,Host11,3_3,Get Key,1661743486,826,3,0,CheckPoint,1
2022-08-29 12:22,Host11,3_0,Out of the Cave,1661743344,684,3,0,CheckPoint,1
2022-08-25 12:02,Host8,4_0,Boss,1661396563,1460,1,0,CheckPoint,0
2022-08-25 12:02,Host8,8_0,Dead,1661396557,1453,1,0,Dead,0
2022-08-25 12:02,Host10,1_1,Get Homerun,1661396546,233,1,0,CheckPoint,0
2022-08-25 12:02,Host9,3_1,Town Cave,1661396569,939,1,1,CheckPoint,0
2022-08-25 12:02,Host9,7_0,f2,1661396551,921,1,1,Campfire,0
2022-08-25 12:03,Host3,1_2,Frog With Flowers,1661396595,175,2,0,CheckPoint,0
2022-08-25 12:03,Host3,7_0,f1,1661396614,194,2,0,Campfire,0
2022-08-29 12:21,Host11,2_3,Cave Entrance,1661743285,625,3,0,CheckPoint,1
2022-08-29 12:21,Host11,2_4,Find Fruit,1661743318,658,3,0,CheckPoint,1
2022-08-25 12:03,Host9,3_2,Bomb & Fruit,1661396586,956,1,1,CheckPoint,0
2022-08-25 12:03,Host9,3_3,Get Key,1661396618,988,1,1,CheckPoint,0
2022-08-25 12:04,Host3,2_0,Enter Town,1661396658,237,2,0,CheckPoint,0
2022-08-25 12:04,Host3,7_0,f1,1661396647,226,2,0,Campfire,0
2022-08-25 12:04,Host3,7_0,f2,1661396671,251,2,0,Campfire,0
2022-08-25 12:04,Host8,4_0,Boss,1661396693,1589,1,0,CheckPoint,0
2022-08-25 12:04,Host8,8_0,Dead,1661396686,1582,1,0,Dead,0
2022-08-25 12:04,Host9,4_0,Boss,1661396659,1029,1,1,CheckPoint,0
2022-08-25 12:05,Host3,2_1,Across The River,1661396698,277,2,0,CheckPoint,0
2022-08-25 12:05,Host3,2_2,Splash Combat,1661396714,293,2,0,CheckPoint,0
2022-08-29 12:20,Host11,2_2,Splash Combat,1661743208,549,3,0,CheckPoint,1
2022-08-25 12:05,Host10,1_2,Frog With Flowers,1661396725,412,1,0,CheckPoint,0
2022-08-29 12:19,Host11,2_1,Across The River,1661743171,512,3,0,CheckPoint,1
2022-08-25 12:05,Host9,4_0,Boss,1661396745,1115,1,1,CheckPoint,0
2022-08-25 12:05,Host9,8_0,Dead,1661396739,1109,1,1,Dead,0
2022-08-25 12:06,Host3,2_3,Cave Entrance,1661396777,356,2,0,CheckPoint,0
2022-08-29 12:19,Host11,7_0,f2,1661743147,487,3,0,Campfire,1
2022-08-29 12:18,Host11,1_2,Frog With Flowers,1661743095,435,3,0,CheckPoint,1
2022-08-25 12:06,Host10,2_0,Enter Town,1661396810,497,1,0,CheckPoint,0
2022-08-25 12:06,Host10,7_0,f1,1661396791,478,1,0,Campfire,0
2022-08-29 12:18,Host11,2_0,Enter Town,1661743135,475,3,0,CheckPoint,1
2022-08-25 12:07,Host3,2_4,Find Fruit,1661396823,402,2,0,CheckPoint,0
2022-08-25 12:07,Host3,3_0,Out of the Cave,1661396860,439,2,0,CheckPoint,0
2022-08-29 12:16,Host11,1_1,Get Homerun,1661742982,322,3,0,CheckPoint,1
2022-08-29 12:14,Host11,7_0,f1,1661742877,218,3,0,Campfire,1
2022-08-25 12:07,Host10,7_0,f2,1661396837,524,1,0,Campfire,0
2022-08-29 12:10,Host11,0_0,ON,1661742659,0,3,0,Switch,1
2022-08-25 12:08,Host3,3_1,Town Cave,1661396930,509,2,0,CheckPoint,0
2022-08-25 12:08,Host3,7_0,f2,1661396910,489,2,0,Campfire,0
2022-08-25 17:38,Host11,4_0,Boss,1661416718,1413,2,0,CheckPoint,1
2022-08-25 12:08,Host8,4_0,Boss,1661396900,1796,1,0,CheckPoint,0
2022-08-25 12:08,Host8,8_0,Dead,1661396890,1786,1,0,Dead,0
2022-08-25 12:08,Host10,2_1,Across The River,1661396885,572,1,0,CheckPoint,0
2022-08-25 12:08,Host10,2_2,Splash Combat,1661396931,618,1,0,CheckPoint,0
2022-08-25 12:08,Host10,7_0,f2,1661396915,602,1,0,Campfire,0
2022-08-25 17:38,Host11,6_0,OFF,1661416729,1424,2,0,Switch,1
2022-08-25 17:33,Host11,8_0,Dead,1661416423,1118,2,0,Dead,1
2022-08-25 12:09,Host3,3_2,Bomb & Fruit,1661396946,525,2,0,CheckPoint,0
2022-08-25 17:27,Host11,7_0,f2,1661416063,758,2,0,Campfire,1
2022-08-25 17:25,Host11,3_1,Town Cave,1661415912,607,2,0,CheckPoint,1
2022-08-25 12:09,Host8,8_0,Dead,1661396994,1890,1,0,Dead,0
2022-08-25 17:25,Host11,3_2,Bomb & Fruit,1661415924,619,2,0,CheckPoint,1
2022-08-25 12:09,Host9,8_0,Dead,1661396952,1321,1,1,Dead,0
2022-08-25 12:10,Host3,3_3,Get Key,1661397007,586,2,0,CheckPoint,0
2022-08-25 17:25,Host11,3_3,Get Key,1661415945,640,2,0,CheckPoint,1
2022-08-25 12:10,Host10,2_3,Cave Entrance,1661397036,723,1,0,CheckPoint,0
2022-08-25 17:24,Host11,7_0,f2,1661415889,584,2,0,Campfire,1
2022-08-25 17:23,Host11,2_4,Find Fruit,1661415789,484,2,0,CheckPoint,1
2022-08-25 12:11,Host3,4_0,Boss,1661397062,641,2,0,CheckPoint,0
2022-08-25 17:23,Host11,3_0,Out of the Cave,1661415816,511,2,0,CheckPoint,1
2022-08-25 12:11,Host10,2_3b,Secret Room,1661397094,781,1,0,CheckPoint,0
2022-08-25 17:22,Host11,2_3,Cave Entrance,1661415745,440,2,0,CheckPoint,1
2022-08-25 17:21,Host11,2_2,Splash Combat,1661415665,360,2,0,CheckPoint,1
2022-08-25 12:12,Host10,2_4,Find Fruit,1661397130,817,1,0,CheckPoint,0
2022-08-25 12:12,Host10,3_0,Out of the Cave,1661397157,845,1,0,CheckPoint,0
2022-08-25 17:20,Host11,2_1,Across The River,1661415635,330,2,0,CheckPoint,1
2022-08-25 17:19,Host11,7_0,f2,1661415560,255,2,0,Campfire,1
2022-08-25 17:18,Host11,2_0,Enter Town,1661415537,232,2,0,CheckPoint,1
2022-08-25 12:13,Host10,7_0,f2,1661397232,919,1,0,Campfire,0
2022-08-25 17:18,Host11,7_0,f1,1661415527,222,2,0,Campfire,1
2022-08-25 17:17,Host11,1_1,Get Homerun,1661415420,115,2,0,CheckPoint,1
2022-08-25 17:17,Host11,1_2,Frog With Flowers,1661415475,170,2,0,CheckPoint,1
2022-08-25 12:14,Host10,3_1,Town Cave,1661397261,948,1,0,CheckPoint,0
2022-08-25 12:14,Host10,3_2,Bomb & Fruit,1661397273,960,1,0,CheckPoint,0
2022-08-25 17:15,Host11,0_0,ON,1661415305,0,2,0,Switch,1
2022-08-25 12:15,Host3,8_0,Dead,1661397314,893,2,0,Dead,0
2022-08-25 12:15,Host10,3_3,Get Key,1661397308,995,1,0,CheckPoint,0
2022-08-25 12:15,Host10,4_0,Boss,1661397348,1035,1,0,CheckPoint,0
2022-08-25 17:15,Host11,7_0,f1,1661415354,49,2,0,Campfire,1
2022-08-25 12:16,Host3,7_0,f2,1661397405,984,2,0,Campfire,0
2022-08-25 12:17,Host10,8_0,Dead,1661397449,1137,1,0,Dead,0
2022-08-25 12:19,Host4,0_0,ON,1661397577,0,2,0,Switch,0
2022-08-25 17:14,Host11,4_0,Boss,1661415275,1496,1,0,CheckPoint,1
2022-08-25 12:20,Host3,4_0,Boss,1661397607,1186,2,0,CheckPoint,0
2022-08-25 12:20,Host3,8_0,Dead,1661397650,1229,2,0,Dead,0
2022-08-25 12:20,Host4,7_0,f1,1661397628,51,2,0,Campfire,0
2022-08-25 17:14,Host11,5_0,Clear,1661415256,1477,1,0,Clear,1
2022-08-25 17:14,Host11,6_0,OFF,1661415297,1518,1,0,Switch,1
2022-08-25 17:10,Host11,4_0,Boss,1661415056,1277,1,0,CheckPoint,1
2022-08-25 17:10,Host11,8_0,Dead,1661415050,1271,1,0,Dead,1
2022-08-25 12:22,Host3,8_0,Dead,1661397736,1315,2,0,Dead,0
2022-08-25 12:22,Host4,1_1,Get Homerun,1661397763,186,2,0,CheckPoint,0
2022-08-25 12:22,Host10,8_0,Dead,1661397776,1464,1,0,Dead,0
2022-08-25 17:08,Host11,4_0,Boss,1661414916,1137,1,0,CheckPoint,1
2022-08-25 12:23,Host4,1_2,Frog With Flowers,1661397832,255,2,0,CheckPoint,0
2022-08-25 17:07,Host11,3_1,Town Cave,1661414827,1048,1,0,CheckPoint,1
2022-08-25 12:24,Host3,8_0,Dead,1661397854,1433,2,0,Dead,0
2022-08-25 12:24,Host4,2_0,Enter Town,1661397870,293,2,0,CheckPoint,0
2022-08-25 12:24,Host4,7_0,f1,1661397853,276,2,0,Campfire,0
2022-08-25 12:24,Host10,6_0,OFF,1661397851,1538,1,0,Switch,0
2022-08-25 17:07,Host11,3_2,Bomb & Fruit,1661414840,1061,1,0,CheckPoint,1
2022-08-25 12:25,Host3,8_0,Dead,1661397924,1503,2,0,Dead,0
2022-08-25 12:25,Host4,7_0,f2,1661397904,327,2,0,Campfire,0
2022-08-25 12:26,Host3,8_0,Dead,1661397976,1555,2,0,Dead,0
2022-08-25 12:26,Host4,2_1,Across The River,1661397987,410,2,0,CheckPoint,0
2022-08-25 12:27,Host4,2_2,Splash Combat,1661398053,476,2,0,CheckPoint,0
2022-08-25 12:29,Host4,2_3,Cave Entrance,1661398143,566,2,0,CheckPoint,0
2022-08-25 12:30,Host3,8_0,Dead,1661398252,1831,2,0,Dead,0
2022-08-25 12:30,Host3,8_0,Dead,1661398234,1813,2,0,Dead,0
2022-08-25 12:31,Host4,2_4,Find Fruit,1661398266,689,2,0,CheckPoint,0
2022-08-25 12:31,Host4,8_0,Dead,1661398267,690,2,0,Dead,0
2022-08-25 12:32,Host3,8_0,Dead,1661398336,1915,2,0,Dead,0
2022-08-25 12:32,Host4,0_0,ON,1661398370,0,3,0,Switch,0
2022-08-25 12:32,Host4,6_0,OFF,1661398331,754,2,0,Switch,0
2022-08-25 12:33,Host4,7_0,f1,1661398413,44,3,0,Campfire,0
2022-08-25 12:33,Host1,0_0,ON,1661398438,0,2,0,Switch,0
2022-08-25 12:34,Host1,7_0,f1,1661398488,50,2,0,Campfire,0
2022-08-25 12:35,Host4,8_0,Dead,1661398500,130,3,0,Dead,0
2022-08-25 12:35,Host1,1_1,Get Homerun,1661398555,116,2,0,CheckPoint,0
2022-08-25 12:36,Host3,8_0,Dead,1661398604,2184,2,0,Dead,0
2022-08-25 12:36,Host3,8_0,Dead,1661398561,2141,2,0,Dead,0
2022-08-25 12:36,Host4,1_1,Get Homerun,1661398600,230,3,0,CheckPoint,0
2022-08-25 12:37,Host4,1_2,Frog With Flowers,1661398668,299,3,0,CheckPoint,0
2022-08-25 12:37,Host1,1_2,Frog With Flowers,1661398634,196,2,0,CheckPoint,0
2022-08-25 12:38,Host3,8_0,Dead,1661398711,2290,2,0,Dead,0
2022-08-25 12:38,Host4,2_0,Enter Town,1661398697,328,3,0,CheckPoint,0
2022-08-25 12:38,Host4,7_0,f1,1661398688,318,3,0,Campfire,0
2022-08-25 12:38,Host4,7_0,f2,1661398725,356,3,0,Campfire,0
2022-08-25 12:38,Host1,2_0,Enter Town,1661398694,256,2,0,CheckPoint,0
2022-08-25 12:38,Host1,2_1,Across The River,1661398736,297,2,0,CheckPoint,0
2022-08-25 12:38,Host1,7_0,f2,1661398709,270,2,0,Campfire,0
2022-08-25 12:39,Host3,8_0,Dead,1661398771,2350,2,0,Dead,0
2022-08-25 12:39,Host3,8_0,Dead,1661398736,2315,2,0,Dead,0
2022-08-25 12:39,Host4,2_1,Across The River,1661398758,388,3,0,CheckPoint,0
2022-08-25 12:39,Host4,2_2,Splash Combat,1661398790,421,3,0,CheckPoint,0
2022-08-25 12:39,Host4,7_0,f2,1661398772,403,3,0,Campfire,0
2022-08-25 12:39,Host1,2_2,Splash Combat,1661398782,343,2,0,CheckPoint,0
2022-08-25 12:40,Host3,8_0,Dead,1661398849,2429,2,0,Dead,0
2022-08-25 12:40,Host3,8_0,Dead,1661398803,2382,2,0,Dead,0
2022-08-25 12:40,Host4,8_0,Dead,1661398852,483,3,0,Dead,0
2022-08-25 12:41,Host3,8_0,Dead,1661398903,2482,2,0,Dead,0
2022-08-25 12:41,Host1,2_3,Cave Entrance,1661398860,422,2,0,CheckPoint,0
2022-08-25 12:41,Host1,2_4,Find Fruit,1661398909,470,2,0,CheckPoint,0
2022-08-25 12:42,Host4,2_3,Cave Entrance,1661398947,578,3,0,CheckPoint,0
2022-08-25 12:42,Host1,3_0,Out of the Cave,1661398941,502,2,0,CheckPoint,0
2022-08-25 12:43,Host4,2_4,Find Fruit,1661398989,620,3,0,CheckPoint,0
2022-08-25 12:44,Host3,8_0,Dead,1661399073,2652,2,0,Dead,0
2022-08-25 12:44,Host3,8_0,Dead,1661399042,2621,2,0,Dead,0
2022-08-25 12:45,Host3,8_0,Dead,1661399109,2689,2,0,Dead,0
2022-08-25 12:45,Host4,3_0,Out of the Cave,1661399146,776,3,0,CheckPoint,0
2022-08-25 12:45,Host1,3_1,Town Cave,1661399159,720,2,0,CheckPoint,0
2022-08-25 12:45,Host1,7_0,f2,1661399134,695,2,0,Campfire,0
2022-08-25 12:46,Host4,7_0,f2,1661399167,798,3,0,Campfire,0
2022-08-25 12:46,Host1,3_2,Bomb & Fruit,1661399177,739,2,0,CheckPoint,0
2022-08-25 12:46,Host1,3_3,Get Key,1661399201,762,2,0,CheckPoint,0
2022-08-25 12:47,Host4,3_1,Town Cave,1661399261,891,3,0,CheckPoint,0
2022-08-25 12:47,Host4,7_0,f2,1661399241,871,3,0,Campfire,0
2022-08-25 12:47,Host1,4_0,Boss,1661399248,809,2,0,CheckPoint,0
2022-08-25 12:48,Host3,8_0,Dead,1661399329,2908,2,0,Dead,0
2022-08-25 12:48,Host3,8_0,Dead,1661399281,2860,2,0,Dead,0
2022-08-25 12:48,Host4,3_2,Bomb & Fruit,1661399292,922,3,0,CheckPoint,0
2022-08-25 12:49,Host3,8_0,Dead,1661399395,2974,2,0,Dead,0
2022-08-25 12:49,Host3,8_0,Dead,1661399368,2947,2,0,Dead,0
2022-08-25 12:49,Host4,3_3,Get Key,1661399359,989,3,0,CheckPoint,0
2022-08-25 12:49,Host4,7_0,f2,1661399392,1022,3,0,Campfire,0
2022-08-25 12:49,Host1,8_0,Dead,1661399362,924,2,0,Dead,0
2022-08-25 12:50,Host1,8_0,Dead,1661399440,1002,2,0,Dead,0
2022-08-25 12:51,Host4,4_0,Boss,1661399510,1141,3,0,CheckPoint,0
2022-08-25 12:51,Host4,7_0,f2,1661399487,1117,3,0,Campfire,0
2022-08-25 12:53,Host3,8_0,Dead,1661399620,3199,2,0,Dead,0
2022-08-25 12:53,Host3,8_0,Dead,1661399577,3157,2,0,Dead,0
2022-08-25 12:53,Host4,4_0,Boss,1661399621,1252,3,0,CheckPoint,0
2022-08-25 12:53,Host4,8_0,Dead,1661399612,1242,3,0,Dead,0
2022-08-25 17:07,Host11,3_3,Get Key,1661414876,1097,1,0,CheckPoint,1
2022-08-25 12:53,Host1,8_0,Dead,1661399591,1153,2,0,Dead,0
2022-08-25 12:54,Host4,4_0,Boss,1661399696,1327,3,0,CheckPoint,0
2022-08-25 12:54,Host4,8_0,Dead,1661399690,1321,3,0,Dead,0
2022-08-25 12:55,Host4,4_0,Boss,1661399732,1363,3,0,CheckPoint,0
2022-08-25 12:55,Host4,8_0,Dead,1661399726,1357,3,0,Dead,0
2022-08-25 17:06,Host11,7_0,f2,1661414802,1023,1,0,Campfire,1
2022-08-25 17:02,Host11,3_0,Out of the Cave,1661414531,752,1,0,CheckPoint,1
2022-08-25 17:02,Host11,7_0,f2,1661414557,778,1,0,Campfire,1
2022-08-25 12:57,Host3,8_0,Dead,1661399872,3451,2,0,Dead,0
2022-08-25 12:57,Host3,8_0,Dead,1661399822,3401,2,0,Dead,0
2022-08-25 12:57,Host1,8_0,Dead,1661399828,1390,2,0,Dead,0
2022-08-25 12:57,Host1,6_0,OFF,1661399848,1409,2,0,Switch,0
2022-08-25 12:58,Host4,4_0,Boss,1661399919,1550,3,0,CheckPoint,0
2022-08-25 12:58,Host4,8_0,Dead,1661399898,1529,3,0,Dead,0
2022-08-25 17:01,Host11,2_4,Find Fruit,1661414494,715,1,0,CheckPoint,1
2022-08-25 12:59,Host3,8_0,Dead,1661399969,3548,2,0,Dead,0
2022-08-25 12:59,Host3,8_0,Dead,1661399937,3516,2,0,Dead,0
2022-08-25 17:00,Host11,2_3,Cave Entrance,1661414442,663,1,0,CheckPoint,1
2022-08-25 13:00,Host4,8_0,Dead,1661400006,1636,3,0,Dead,0
2022-08-25 13:00,Host4,6_0,OFF,1661400011,1642,3,0,Switch,0
2022-08-25 16:59,Host11,2_2,Splash Combat,1661414353,574,1,0,CheckPoint,1
2022-08-25 16:57,Host11,2_1,Across The River,1661414240,461,1,0,CheckPoint,1
2022-08-25 16:56,Host11,1_2,Frog With Flowers,1661414171,392,1,0,CheckPoint,1
2022-08-25 13:01,Host8,8_0,Dead,1661400090,4986,1,0,Dead,0
2022-08-25 16:56,Host11,2_0,Enter Town,1661414199,420,1,0,CheckPoint,1
2022-08-25 13:02,Host8,8_0,Dead,1661400160,5056,1,0,Dead,0
2022-08-25 16:56,Host11,7_0,f1,1661414189,410,1,0,Campfire,1
2022-08-25 16:56,Host11,7_0,f2,1661414216,437,1,0,Campfire,1
2022-08-25 16:54,Host11,1_1,Get Homerun,1661414083,304,1,0,CheckPoint,1
2022-08-25 13:03,Host8,8_0,Dead,1661400209,5105,1,0,Dead,0
2022-08-25 16:54,Host11,7_0,f1,1661414052,273,1,0,Campfire,1
2022-08-25 13:06,Host3,8_0,Dead,1661400362,3941,2,0,Dead,0
2022-08-25 16:51,Host11,7_0,f1,1661413916,137,1,0,Campfire,1
2022-08-25 13:06,Host8,8_0,Dead,1661400362,5258,1,0,Dead,0
2022-08-25 16:51,Host11,7_0,f1,1661413913,134,1,0,Campfire,1
2022-08-25 13:09,Host3,8_0,Dead,1661400573,4152,2,0,Dead,0
2022-08-25 13:10,Host3,8_0,Dead,1661400647,4227,2,0,Dead,0
2022-08-25 13:10,Host3,8_0,Dead,1661400619,4198,2,0,Dead,0
2022-08-25 16:49,Host11,0_0,ON,1661413779,0,1,0,Switch,1
2022-08-25 13:10,Host12,0_0,ON,1661400623,0,1,0,Switch,0
2022-09-01 13:38,Host13,6_0,OFF,1662007106,2315,1,0,Switch,0
2022-08-25 13:11,Host12,7_0,f1,1661400699,76,1,0,Campfire,0
2022-08-25 13:12,Host3,8_0,Dead,1661400743,4322,2,0,Dead,0
2022-08-25 13:12,Host3,8_0,Dead,1661400716,4296,2,0,Dead,0
2022-09-01 13:37,Host13,8_0,Dead,1662007024,2233,1,0,Dead,0
2022-08-25 13:13,Host3,8_0,Dead,1661400811,4390,2,0,Dead,0
2022-08-25 13:13,Host3,8_0,Dead,1661400783,4363,2,0,Dead,0
2022-09-01 13:35,Host13,4_0,Boss,1662006957,2166,1,0,CheckPoint,0
2022-08-25 13:13,Host12,8_0,Dead,1661400826,204,1,0,Dead,0
2022-08-25 13:13,Host14,0_0,ON,1661400832,0,1,0,Switch,0
2022-08-25 13:14,Host15,0_0,ON,1661400881,9234,1,0,Switch,0
2022-08-25 13:15,Host15,7_0,f1,1661400936,9289,1,0,Campfire,0
2022-08-25 13:15,Host12,1_1,Get Homerun,1661400920,297,1,0,CheckPoint,0
2022-08-25 13:15,Host14,7_0,f1,1661400946,114,1,0,Campfire,0
2022-08-25 13:16,Host15,1_1,Get Homerun,1661401006,9359,1,0,CheckPoint,0
2022-09-01 13:34,Host13,3_3,Get Key,1662006874,2082,1,0,CheckPoint,0
2022-08-25 13:18,Host3,5_0,Clear,1661401106,4685,2,0,Clear,0
2022-09-01 13:32,Host13,3_1,Town Cave,1662006757,1966,1,0,CheckPoint,0
2022-08-25 13:18,Host12,1_2,Frog With Flowers,1661401131,508,1,0,CheckPoint,0
2022-08-25 13:18,Host12,8_0,Dead,1661401090,467,1,0,Dead,0
2022-08-25 13:18,Host14,1_1,Get Homerun,1661401121,289,1,0,CheckPoint,0
2022-08-25 13:19,Host3,4_0,Boss,1661401152,4731,2,0,CheckPoint,0
2022-09-01 13:32,Host13,3_2,Bomb & Fruit,1662006776,1984,1,0,CheckPoint,0
2022-09-01 13:31,Host13,7_0,f2,1662006719,1928,1,0,Campfire,0
2022-09-01 13:29,Host13,3_0,Out of the Cave,1662006584,1792,1,0,CheckPoint,0
2022-08-25 13:20,Host3,7_0,f2,1661401219,4798,2,0,Campfire,0
2022-08-25 13:20,Host15,1_2,Frog With Flowers,1661401209,9562,1,0,CheckPoint,0
2022-09-01 13:26,Host13,2_4,Find Fruit,1662006406,1615,1,0,CheckPoint,0
2022-09-01 13:25,Host13,2_3b,Secret Room,1662006312,1520,1,0,CheckPoint,0
2022-08-25 13:20,Host12,2_0,Enter Town,1661401250,628,1,0,CheckPoint,0
2022-08-25 13:21,Host15,7_0,f1,1661401285,9638,1,0,Campfire,0
2022-09-01 13:24,Host13,2_3,Cave Entrance,1662006242,1450,1,0,CheckPoint,0
2022-09-01 13:22,Host13,8_0,Dead,1662006138,1347,1,0,Dead,0
2022-08-25 13:21,Host12,7_0,f2,1661401269,646,1,0,Campfire,0
2022-08-25 13:22,Host15,6_0,OFF,1661401332,9685,1,0,Switch,0
2022-08-25 13:22,Host15,0_0,ON,1661401337,0,2,0,Switch,0
2022-09-01 13:21,Host13,2_2,Splash Combat,1662006097,1306,1,0,CheckPoint,0
2022-09-01 13:20,Host13,2_1,Across The River,1662006010,1218,1,0,CheckPoint,0
2022-08-25 13:22,Host12,2_1,Across The River,1661401351,729,1,0,CheckPoint,0
2022-08-25 13:23,Host15,7_0,f1,1661401391,54,2,0,Campfire,0
2022-09-01 13:19,Host13,7_0,f2,1662005947,1155,1,0,Campfire,0
2022-09-01 13:16,Host13,2_0,Enter Town,1662005820,1028,1,0,CheckPoint,0
2022-08-25 13:23,Host12,2_2,Splash Combat,1661401400,777,1,0,CheckPoint,0
2022-08-25 13:23,Host14,1_2,Frog With Flowers,1661401392,560,1,0,CheckPoint,0
2022-08-25 13:24,Host15,1_1,Get Homerun,1661401456,118,2,0,CheckPoint,0
2022-09-01 13:16,Host13,7_0,f1,1662005765,974,1,0,Campfire,0
2022-09-01 13:14,Host13,1_2,Frog With Flowers,1662005690,899,1,0,CheckPoint,0
2022-09-01 13:11,Host13,8_0,Dead,1662005463,672,1,0,Dead,0
2022-09-01 13:09,Host13,1_1,Get Homerun,1662005391,600,1,0,CheckPoint,0
2022-08-25 13:24,Host12,7_0,f2,1661401481,858,1,0,Campfire,0
2022-08-25 13:24,Host12,8_0,Dead,1661401475,852,1,0,Dead,0
2022-08-25 13:24,Host14,2_0,Enter Town,1661401488,656,1,0,CheckPoint,0
2022-08-25 13:24,Host14,7_0,f1,1661401474,642,1,0,Campfire,0
2022-08-25 13:25,Host15,1_2,Frog With Flowers,1661401528,190,2,0,CheckPoint,0
2022-09-01 13:07,Host13,8_0,Dead,1662005269,477,1,0,Dead,0
2022-09-01 13:03,Host13,7_0,f1,1662004999,208,1,0,Campfire,0
2022-08-25 13:25,Host14,2_1,Across The River,1661401542,710,1,0,CheckPoint,0
2022-08-25 13:25,Host14,7_0,f2,1661401515,683,1,0,Campfire,0
2022-08-25 13:26,Host3,8_0,Dead,1661401579,5158,2,0,Dead,0
2022-08-25 13:26,Host15,2_0,Enter Town,1661401616,278,2,0,CheckPoint,0
2022-09-01 13:02,Host13,8_0,Dead,1662004940,149,1,0,Dead,0
2022-09-01 12:59,Host13,0_0,ON,1662004791,0,1,0,Switch,0
2022-08-29 12:02,Host16,6_0,OFF,1661742144,616,1,0,Switch,1
2022-08-25 13:26,Host12,2_3,Cave Entrance,1661401573,950,1,0,CheckPoint,0
2022-08-25 13:26,Host14,2_2,Splash Combat,1661401583,751,1,0,CheckPoint,0
2022-08-25 13:27,Host15,7_0,f2,1661401654,317,2,0,Campfire,0
2022-08-29 12:02,Host16,8_0,Dead,1661742122,594,1,0,Dead,1
2022-08-29 12:02,Host16,2_4,Find Fruit,1661742121,593,1,0,CheckPoint,1
2022-08-25 13:27,Host9,4_0,Boss,1661401638,6008,1,1,CheckPoint,0
2022-08-25 13:27,Host9,8_0,Dead,1661401631,6001,1,1,Dead,0
2022-08-25 13:27,Host12,8_0,Dead,1661401638,1015,1,0,Dead,0
2022-08-25 13:28,Host15,2_1,Across The River,1661401682,345,2,0,CheckPoint,0
2022-08-25 13:28,Host15,2_2,Splash Combat,1661401708,370,2,0,CheckPoint,0
2022-08-25 13:28,Host12,2_4,Find Fruit,1661401682,1060,1,0,CheckPoint,0
2022-08-25 13:28,Host12,3_0,Out of the Cave,1661401716,1094,1,0,CheckPoint,0
2022-08-25 13:28,Host14,2_3,Cave Entrance,1661401685,853,1,0,CheckPoint,0
2022-08-25 13:28,Host14,8_0,Dead,1661401709,877,1,0,Dead,0
2022-08-25 13:28,Host14,6_0,OFF,1661401713,881,1,0,Switch,0
2022-08-25 13:29,Host3,7_0,f1,1661401755,5334,2,0,Campfire,0
2022-08-25 13:29,Host15,7_0,f2,1661401778,441,2,0,Campfire,0
2022-08-25 13:29,Host15,8_0,Dead,1661401772,434,2,0,Dead,0
2022-08-29 12:01,Host16,2_3,Cave Entrance,1661742080,552,1,0,CheckPoint,1
2022-08-25 13:29,Host9,8_0,Dead,1661401786,6156,1,1,Dead,0
2022-08-25 13:30,Host3,7_0,f2,1661401798,5377,2,0,Campfire,0
2022-08-25 13:30,Host9,8_0,Dead,1661401820,6189,1,1,Dead,0
2022-08-25 13:31,Host3,8_0,Dead,1661401855,5435,2,0,Dead,0
2022-08-25 13:31,Host17,0_0,ON,1661401891,0,1,0,Switch,0
2022-08-25 13:31,Host15,2_3,Cave Entrance,1661401866,528,2,0,CheckPoint,0
2022-08-25 13:31,Host15,2_3b,Secret Room,1661401895,557,2,0,CheckPoint,0
2022-08-29 12:00,Host16,2_2,Splash Combat,1661742010,482,1,0,CheckPoint,1
2022-08-25 13:32,Host17,7_0,f1,1661401959,67,1,0,Campfire,0
2022-08-25 13:32,Host15,2_4,Find Fruit,1661401930,593,2,0,CheckPoint,0
2022-08-25 13:32,Host15,8_0,Dead,1661401952,615,2,0,Dead,0
2022-08-25 13:32,Host15,8_0,Dead,1661401931,593,2,0,Dead,0
2022-08-25 13:32,Host9,4_0,Boss,1661401958,6327,1,1,CheckPoint,0
2022-08-25 13:32,Host9,8_0,Dead,1661401951,6320,1,1,Dead,0
2022-08-25 13:32,Host9,8_0,Dead,1661401921,6291,1,1,Dead,0
2022-08-25 13:32,Host12,6_0,OFF,1661401971,1348,1,0,Switch,0
2022-08-25 13:33,Host17,7_0,f1,1661402001,110,1,0,Campfire,0
2022-08-25 13:33,Host15,6_0,OFF,1661401988,651,2,0,Switch,0
2022-08-29 11:59,Host16,2_1,Across The River,1661741993,465,1,0,CheckPoint,1
2022-08-29 11:59,Host16,7_0,f2,1661741965,437,1,0,Campfire,1
2022-08-25 13:34,Host18,0_0,ON,1661402078,0,1,0,Switch,0
2022-08-25 13:34,Host3,2_3b,Secret Room,1661402073,5653,2,0,CheckPoint,0
2022-08-25 13:34,Host3,8_0,Dead,1661402049,5629,2,0,Dead,0
2022-08-25 13:34,Host15,0_0,ON,1661402074,0,3,0,Switch,0
2022-08-25 13:34,Host9,4_0,Boss,1661402072,6441,1,1,CheckPoint,0
2022-08-25 13:34,Host9,8_0,Dead,1661402063,6433,1,1,Dead,0
2022-08-25 13:35,Host18,7_0,f1,1661402159,81,1,0,Campfire,0
2022-08-25 13:35,Host3,6_0,OFF,1661402151,5730,2,0,Switch,0
2022-08-25 13:35,Host17,1_1,Get Homerun,1661402124,232,1,0,CheckPoint,0
2022-08-25 13:35,Host15,7_0,f1,1661402113,39,3,0,Campfire,0
2022-08-25 13:35,Host12,0_0,ON,1661402113,0,2,0,Switch,0
2022-08-25 13:36,Host18,7_0,f1,1661402165,88,1,0,Campfire,0
2022-08-25 13:36,Host17,1_2,Frog With Flowers,1661402217,325,1,0,CheckPoint,0
2022-08-25 13:36,Host15,1_1,Get Homerun,1661402169,95,3,0,CheckPoint,0
2022-08-25 13:36,Host15,1_2,Frog With Flowers,1661402213,139,3,0,CheckPoint,0
2022-08-25 13:36,Host12,7_0,f1,1661402171,58,2,0,Campfire,0
2022-08-25 13:36,Host12,7_0,f1,1661402169,55,2,0,Campfire,0
2022-08-25 13:37,Host18,7_0,f1,1661402234,156,1,0,Campfire,0
2022-08-25 13:37,Host15,2_0,Enter Town,1661402269,195,3,0,CheckPoint,0
2022-08-25 13:37,Host15,7_0,f1,1661402241,167,3,0,Campfire,0
2022-08-25 13:37,Host12,1_1,Get Homerun,1661402258,144,2,0,CheckPoint,0
2022-08-25 13:37,Host12,6_0,OFF,1661402266,153,2,0,Switch,0
2022-08-25 13:38,Host18,1_1,Get Homerun,1661402319,241,1,0,CheckPoint,0
2022-08-25 13:38,Host18,7_0,f1,1661402306,228,1,0,Campfire,0
2022-08-25 13:38,Host17,2_0,Enter Town,1661402325,433,1,0,CheckPoint,0
2022-08-25 13:38,Host17,7_0,f1,1661402295,403,1,0,Campfire,0
2022-08-25 13:38,Host15,2_1,Across The River,1661402320,246,3,0,CheckPoint,0
2022-08-25 13:38,Host15,2_2,Splash Combat,1661402336,263,3,0,CheckPoint,0
2022-08-25 13:38,Host15,7_0,f2,1661402288,214,3,0,Campfire,0
2022-08-25 13:38,Host9,4_0,Boss,1661402299,6669,1,1,CheckPoint,0
2022-08-25 13:38,Host9,8_0,Dead,1661402293,6663,1,1,Dead,0
2022-08-25 13:39,Host17,2_1,Across The River,1661402370,479,1,0,CheckPoint,0
2022-08-25 13:39,Host9,8_0,Dead,1661402399,6769,1,1,Dead,0
2022-08-25 13:39,Host9,8_0,Dead,1661402356,6726,1,1,Dead,0
2022-08-25 13:40,Host17,2_2,Splash Combat,1661402403,512,1,0,CheckPoint,0
2022-08-25 13:40,Host15,2_3,Cave Entrance,1661402400,326,3,0,CheckPoint,0
2022-08-25 13:40,Host15,2_3b,Secret Room,1661402412,338,3,0,CheckPoint,0
2022-08-25 13:40,Host15,2_4,Find Fruit,1661402447,373,3,0,CheckPoint,0
2022-08-25 13:41,Host18,1_2,Frog With Flowers,1661402512,435,1,0,CheckPoint,0
2022-08-25 13:41,Host17,2_3,Cave Entrance,1661402477,585,1,0,CheckPoint,0
2022-08-25 13:41,Host15,3_0,Out of the Cave,1661402483,409,3,0,CheckPoint,0
2022-08-25 13:41,Host9,8_0,Dead,1661402517,6887,1,1,Dead,0
2022-08-25 13:42,Host17,2_4,Find Fruit,1661402533,642,1,0,CheckPoint,0
2022-08-25 13:42,Host17,3_0,Out of the Cave,1661402566,674,1,0,CheckPoint,0
2022-08-25 13:42,Host15,7_0,f2,1661402566,492,3,0,Campfire,0
2022-08-25 13:43,Host15,3_1,Town Cave,1661402585,511,3,0,CheckPoint,0
2022-08-25 13:43,Host15,3_2,Bomb & Fruit,1661402605,531,3,0,CheckPoint,0
2022-08-25 13:43,Host9,8_0,Dead,1661402613,6983,1,1,Dead,0
2022-08-25 13:44,Host18,2_0,Enter Town,1661402673,596,1,0,CheckPoint,0
2022-08-25 13:44,Host18,7_0,f1,1661402664,586,1,0,Campfire,0
2022-08-25 13:44,Host18,7_0,f2,1661402699,621,1,0,Campfire,0
2022-08-25 13:44,Host17,3_1,Town Cave,1661402653,761,1,0,CheckPoint,0
2022-08-25 13:44,Host17,3_2,Bomb & Fruit,1661402668,776,1,0,CheckPoint,0
2022-08-25 13:44,Host15,3_3,Get Key,1661402652,578,3,0,CheckPoint,0
2022-08-25 13:44,Host15,4_0,Boss,1661402691,617,3,0,CheckPoint,0
2022-08-25 13:44,Host9,8_0,Dead,1661402669,7038,1,1,Dead,0
2022-08-25 13:45,Host18,2_1,Across The River,1661402724,646,1,0,CheckPoint,0
2022-08-25 13:45,Host17,3_3,Get Key,1661402732,841,1,0,CheckPoint,0
2022-08-25 13:45,Host9,8_0,Dead,1661402757,7127,1,1,Dead,0
2022-08-25 13:46,Host18,2_2,Splash Combat,1661402762,684,1,0,CheckPoint,0
2022-08-25 13:46,Host18,7_0,f2,1661402811,734,1,0,Campfire,0
2022-08-25 13:46,Host18,8_0,Dead,1661402805,727,1,0,Dead,0
2022-08-25 13:46,Host17,7_0,f1,1661402760,869,1,0,Campfire,0
2022-08-25 13:46,Host17,7_0,f2,1661402779,888,1,0,Campfire,0
2022-08-25 13:46,Host15,8_0,Dead,1661402819,745,3,0,Dead,0
2022-08-25 13:47,Host17,8_0,Dead,1661402847,956,1,0,Dead,0
2022-08-25 13:47,Host15,4_0,Boss,1661402826,752,3,0,CheckPoint,0
2022-08-25 13:48,Host17,4_0,Boss,1661402907,1016,1,0,CheckPoint,0
2022-08-25 13:48,Host17,7_0,f2,1661402884,992,1,0,Campfire,0
2022-08-25 13:48,Host15,8_0,Dead,1661402932,859,3,0,Dead,0
2022-08-25 13:48,Host19,0_0,ON,1661402932,0,1,0,Switch,0
2022-08-25 13:49,Host18,2_3,Cave Entrance,1661402968,890,1,0,CheckPoint,0
2022-08-25 13:49,Host20,0_0,ON,1661402962,0,1,1,Switch,0
2022-08-25 13:50,Host18,2_4,Find Fruit,1661403047,970,1,0,CheckPoint,0
2022-08-25 13:50,Host18,8_0,Dead,1661403006,928,1,0,Dead,0
2022-08-25 13:50,Host17,4_0,Boss,1661403039,1147,1,0,CheckPoint,0
2022-08-25 13:50,Host17,8_0,Dead,1661403032,1141,1,0,Dead,0
2022-08-25 13:50,Host20,7_0,f1,1661403026,64,1,1,Campfire,0
2022-08-25 13:50,Host20,7_0,f1,1661403022,60,1,1,Campfire,0
2022-08-25 13:50,Host19,7_0,f1,1661403041,109,1,0,Campfire,0
2022-08-25 13:50,Host9,8_0,Dead,1661403053,7422,1,1,Dead,0
2022-08-25 13:51,Host17,4_0,Boss,1661403111,1219,1,0,CheckPoint,0
2022-08-25 13:51,Host17,8_0,Dead,1661403105,1213,1,0,Dead,0
2022-08-25 13:51,Host15,4_0,Boss,1661403082,1008,3,0,CheckPoint,0
2022-08-25 13:51,Host15,8_0,Dead,1661403069,995,3,0,Dead,0
2022-08-25 13:52,Host18,3_0,Out of the Cave,1661403150,1072,1,0,CheckPoint,0
2022-08-25 13:52,Host20,8_0,Dead,1661403139,177,1,1,Dead,0
2022-08-25 13:52,Host19,7_0,f1,1661403153,221,1,0,Campfire,0
2022-08-25 13:52,Host19,8_0,Dead,1661403146,214,1,0,Dead,0
2022-08-25 13:53,Host18,8_0,Dead,1661403184,1107,1,0,Dead,0
2022-08-25 13:53,Host17,4_0,Boss,1661403199,1307,1,0,CheckPoint,0
2022-08-25 13:53,Host17,8_0,Dead,1661403193,1302,1,0,Dead,0
2022-08-25 13:53,Host15,4_0,Boss,1661403208,1134,3,0,CheckPoint,0
2022-08-25 13:53,Host15,8_0,Dead,1661403199,1125,3,0,Dead,0
2022-08-25 13:53,Host20,1_1,Get Homerun,1661403230,269,1,1,CheckPoint,0
2022-08-25 13:53,Host19,7_0,f1,1661403195,262,1,0,Campfire,0
2022-08-25 13:53,Host19,8_0,Dead,1661403188,255,1,0,Dead,0
2022-08-25 13:53,Host9,5_0,Clear,1661403229,7598,1,1,Clear,0
2022-08-25 13:54,Host21,0_0,ON,1661403274,0,1,0,Switch,0
2022-08-25 13:54,Host20,1_2,Frog With Flowers,1661403292,330,1,1,CheckPoint,0
2022-08-25 13:54,Host9,8_0,Dead,1661403261,7630,1,1,Dead,0
2022-08-25 13:54,Host9,6_0,OFF,1661403273,7643,1,1,Switch,0
2022-08-25 13:55,Host17,4_0,Boss,1661403341,1449,1,0,CheckPoint,0
2022-08-25 13:55,Host17,8_0,Dead,1661403335,1443,1,0,Dead,0
2022-08-25 13:55,Host17,6_0,OFF,1661403344,1452,1,0,Switch,0
2022-08-25 13:55,Host21,7_0,f1,1661403330,56,1,0,Campfire,0
2022-08-25 13:55,Host19,8_0,Dead,1661403330,397,1,0,Dead,0
2022-08-25 13:56,Host15,8_0,Dead,1661403410,1336,3,0,Dead,0
2022-08-25 13:56,Host20,2_0,Enter Town,1661403386,425,1,1,CheckPoint,0
2022-08-25 13:56,Host20,7_0,f2,1661403416,455,1,1,Campfire,0
2022-08-25 13:56,Host19,7_0,f1,1661403375,443,1,0,Campfire,0
2022-08-25 13:57,Host21,8_0,Dead,1661403435,161,1,0,Dead,0
2022-08-25 13:57,Host20,2_1,Across The River,1661403445,483,1,1,CheckPoint,0
2022-08-25 13:57,Host19,7_0,f1,1661403439,506,1,0,Campfire,0
2022-08-25 13:57,Host19,8_0,Dead,1661403431,499,1,0,Dead,0
2022-08-25 13:58,Host18,8_0,Dead,1661403496,1418,1,0,Dead,0
2022-08-25 13:58,Host21,8_0,Dead,1661403499,225,1,0,Dead,0
2022-08-25 13:58,Host20,2_2,Splash Combat,1661403490,528,1,1,CheckPoint,0
2022-08-25 13:58,Host19,8_0,Dead,1661403487,555,1,0,Dead,0
2022-08-25 13:59,Host18,3_1,Town Cave,1661403586,1508,1,0,CheckPoint,0
2022-08-25 13:59,Host21,1_1,Get Homerun,1661403598,324,1,0,CheckPoint,0
2022-08-25 13:59,Host19,6_0,OFF,1661403592,660,1,0,Switch,0
2022-08-25 14:01,Host18,6_0,OFF,1661403674,1597,1,0,Switch,0
2022-08-25 14:01,Host21,1_2,Frog With Flowers,1661403668,394,1,0,CheckPoint,0
2022-08-25 14:01,Host21,8_0,Dead,1661403688,414,1,0,Dead,0
2022-08-25 14:02,Host21,2_0,Enter Town,1661403759,485,1,0,CheckPoint,0
2022-08-25 14:02,Host15,4_0,Boss,1661403754,1680,3,0,CheckPoint,0
2022-08-25 14:02,Host15,8_0,Dead,1661403742,1669,3,0,Dead,0
2022-08-25 14:03,Host21,2_1,Across The River,1661403828,554,1,0,CheckPoint,0
2022-08-25 14:03,Host21,7_0,f2,1661403796,522,1,0,Campfire,0
2022-08-25 14:04,Host21,2_2,Splash Combat,1661403860,585,1,0,CheckPoint,0
2022-08-25 14:04,Host15,4_0,Boss,1661403851,1777,3,0,CheckPoint,0
2022-08-25 14:04,Host15,8_0,Dead,1661403844,1770,3,0,Dead,0
2022-08-25 14:05,Host21,8_0,Dead,1661403934,660,1,0,Dead,0
2022-08-25 14:05,Host15,4_0,Boss,1661403921,1847,3,0,CheckPoint,0
2022-08-25 14:05,Host15,8_0,Dead,1661403911,1837,3,0,Dead,0
2022-08-25 14:06,Host21,7_0,f2,1661403964,690,1,0,Campfire,0
2022-08-25 14:07,Host21,2_3,Cave Entrance,1661404062,788,1,0,CheckPoint,0
2022-08-25 14:07,Host15,8_0,Dead,1661404041,1967,3,0,Dead,0
2022-08-25 14:08,Host21,2_4,Find Fruit,1661404114,840,1,0,CheckPoint,0
2022-08-25 14:08,Host8,6_0,OFF,1661404112,5358,1,0,Switch,0
2022-08-25 14:09,Host21,3_0,Out of the Cave,1661404144,870,1,0,CheckPoint,0
2022-08-25 14:09,Host21,7_0,f2,1661404187,913,1,0,Campfire,0
2022-08-25 14:09,Host15,4_0,Boss,1661404177,2103,3,0,CheckPoint,0
2022-08-25 14:09,Host15,8_0,Dead,1661404171,2097,3,0,Dead,0
2022-08-25 14:11,Host22,0_0,ON,1661404264,0,1,0,Switch,0
2022-08-25 14:11,Host21,7_0,f2,1661404282,1008,1,0,Campfire,0
2022-08-25 14:12,Host22,7_0,f1,1661404367,102,1,0,Campfire,0
2022-08-25 14:12,Host21,3_1,Town Cave,1661404341,1067,1,0,CheckPoint,0
2022-08-25 14:12,Host21,3_2,Bomb & Fruit,1661404356,1082,1,0,CheckPoint,0
2022-08-25 14:13,Host21,7_0,f1,1661404407,1133,1,0,Campfire,0
2022-08-25 14:14,Host21,3_3,Get Key,1661404449,1175,1,0,CheckPoint,0
2022-08-25 14:15,Host22,8_0,Dead,1661404503,238,1,0,Dead,0
2022-08-25 14:15,Host21,4_0,Boss,1661404505,1231,1,0,CheckPoint,0
2022-08-25 14:16,Host22,1_1,Get Homerun,1661404578,313,1,0,CheckPoint,0
2022-08-25 14:17,Host21,8_0,Dead,1661404631,1357,1,0,Dead,0
2022-08-25 14:18,Host22,6_0,OFF,1661404695,431,1,0,Switch,0
2022-08-25 14:18,Host21,8_0,Dead,1661404703,1429,1,0,Dead,0
2022-08-25 14:18,Host15,5_0,Clear,1661404735,2661,3,0,Clear,0
2022-08-25 14:19,Host21,8_0,Dead,1661404785,1511,1,0,Dead,0
2022-08-25 14:19,Host15,6_0,OFF,1661404793,2719,3,0,Switch,0
2022-08-25 14:23,Host21,8_0,Dead,1661405015,1741,1,0,Dead,0
2022-08-25 14:24,Host21,6_0,OFF,1661405045,1771,1,0,Switch,0
2022-08-25 14:26,Host23,0_0,ON,1661405179,0,1,0,Switch,0
2022-08-25 14:29,Host23,7_0,f1,1661405342,163,1,0,Campfire,0
2022-08-25 14:31,Host23,8_0,Dead,1661405508,329,1,0,Dead,0
2022-08-25 14:31,Host23,8_0,Dead,1661405466,287,1,0,Dead,0
2022-08-25 14:33,Host23,1_1,Get Homerun,1661405611,432,1,0,CheckPoint,0
2022-08-25 14:38,Host23,1_2,Frog With Flowers,1661405907,728,1,0,CheckPoint,0
2022-08-25 14:39,Host23,7_0,f1,1661405965,785,1,0,Campfire,0
2022-08-25 14:40,Host23,2_0,Enter Town,1661406009,830,1,0,CheckPoint,0
2022-08-25 14:41,Host23,7_0,f2,1661406089,910,1,0,Campfire,0
2022-08-25 14:42,Host23,2_1,Across The River,1661406121,942,1,0,CheckPoint,0
2022-08-25 14:42,Host23,2_2,Splash Combat,1661406161,982,1,0,CheckPoint,0
2022-08-25 14:43,Host23,8_0,Dead,1661406220,1041,1,0,Dead,0
2022-08-25 14:45,Host23,8_0,Dead,1661406323,1144,1,0,Dead,0
2022-08-25 14:46,Host23,7_0,f2,1661406369,1190,1,0,Campfire,0
2022-08-25 14:47,Host23,8_0,Dead,1661406445,1266,1,0,Dead,0
2022-08-25 14:50,Host23,8_0,Dead,1661406621,1442,1,0,Dead,0
2022-08-25 14:51,Host23,8_0,Dead,1661406703,1524,1,0,Dead,0
2022-08-25 14:53,Host23,8_0,Dead,1661406832,1653,1,0,Dead,0
2022-08-25 14:55,Host23,8_0,Dead,1661406934,1755,1,0,Dead,0
2022-08-25 14:57,Host23,8_0,Dead,1661407039,1860,1,0,Dead,0
2022-08-25 14:58,Host20,2_3,Cave Entrance,1661407102,4140,1,1,CheckPoint,0
2022-08-25 14:58,Host20,8_0,Dead,1661407135,4173,1,1,Dead,0
2022-08-25 14:59,Host23,8_0,Dead,1661407150,1971,1,0,Dead,0
2022-08-25 14:59,Host20,2_4,Find Fruit,1661407166,4204,1,1,CheckPoint,0
2022-08-25 15:00,Host20,3_0,Out of the Cave,1661407250,4288,1,1,CheckPoint,0
2022-08-25 15:01,Host20,7_0,f2,1661407317,4355,1,1,Campfire,0
2022-08-25 15:02,Host23,2_3,Cave Entrance,1661407329,2150,1,0,CheckPoint,0
2022-08-25 15:03,Host23,2_4,Find Fruit,1661407433,2254,1,0,CheckPoint,0
2022-08-25 15:03,Host23,8_0,Dead,1661407388,2209,1,0,Dead,0
2022-08-25 15:06,Host23,3_0,Out of the Cave,1661407613,2434,1,0,CheckPoint,0
2022-08-25 15:08,Host23,8_0,Dead,1661407690,2511,1,0,Dead,0
2022-08-25 15:11,Host24,0_0,ON,1661407881,0,1,1,Switch,0
2022-08-25 15:13,Host24,7_0,f1,1661408003,122,1,1,Campfire,0
2022-08-25 15:14,Host24,8_0,Dead,1661408071,190,1,1,Dead,0
2022-08-25 15:16,Host24,8_0,Dead,1661408191,310,1,1,Dead,0
2022-08-25 15:17,Host24,7_0,f1,1661408277,396,1,1,Campfire,0
2022-08-25 15:17,Host24,8_0,Dead,1661408255,374,1,1,Dead,0
2022-08-25 15:21,Host24,8_0,Dead,1661408519,638,1,1,Dead,0
2022-08-25 15:24,Host24,1_1,Get Homerun,1661408675,795,1,1,CheckPoint,0
2022-08-25 15:27,Host25,0_0,ON,1661408821,0,1,0,Switch,0
2022-08-25 15:28,Host24,1_2,Frog With Flowers,1661408893,1012,1,1,CheckPoint,0
2022-08-25 15:28,Host6,0_0,ON,1661408891,0,2,0,Switch,0
2022-08-25 15:29,Host6,7_0,f1,1661408962,71,2,0,Campfire,0
2022-08-25 15:30,Host24,8_0,Dead,1661409024,1143,1,1,Dead,0
2022-08-25 15:31,Host25,7_0,f1,1661409073,252,1,0,Campfire,0
2022-08-25 15:31,Host6,1_1,Get Homerun,1661409068,177,2,0,CheckPoint,0
2022-08-25 15:31,Host6,8_0,Dead,1661409097,205,2,0,Dead,0
2022-08-25 15:32,Host25,8_0,Dead,1661409114,292,1,0,Dead,0
2022-08-25 15:33,Host6,1_2,Frog With Flowers,1661409191,300,2,0,CheckPoint,0
2022-08-25 15:34,Host25,8_0,Dead,1661409258,437,1,0,Dead,0
2022-08-25 15:34,Host6,2_0,Enter Town,1661409250,359,2,0,CheckPoint,0
2022-08-25 15:34,Host6,7_0,f2,1661409277,386,2,0,Campfire,0
2022-08-25 15:35,Host6,2_1,Across The River,1661409319,428,2,0,CheckPoint,0
2022-08-25 15:36,Host24,7_0,f1,1661409395,1514,1,1,Campfire,0
2022-08-25 15:36,Host25,1_1,Get Homerun,1661409340,519,1,0,CheckPoint,0
2022-08-25 15:36,Host6,2_2,Splash Combat,1661409366,475,2,0,CheckPoint,0
2022-08-25 15:36,Host6,7_0,f2,1661409415,524,2,0,Campfire,0
2022-08-25 15:36,Host6,8_0,Dead,1661409409,518,2,0,Dead,0
2022-08-25 15:38,Host6,8_0,Dead,1661409532,641,2,0,Dead,0
2022-08-25 15:39,Host6,6_0,OFF,1661409540,649,2,0,Switch,0
2022-08-29 11:59,Host16,2_0,Enter Town,1661741945,417,1,0,CheckPoint,1
2022-08-29 11:58,Host16,1_2,Frog With Flowers,1661741910,382,1,0,CheckPoint,1
2022-08-25 16:06,Host26,0_0,ON,1661411183,0,1,0,Switch,0
2022-08-25 16:08,Host26,7_0,f1,1661411308,125,1,0,Campfire,0
2022-08-25 16:10,Host26,1_1,Get Homerun,1661411414,231,1,0,CheckPoint,0
2022-08-25 16:11,Host26,1_2,Frog With Flowers,1661411509,326,1,0,CheckPoint,0
2022-08-25 16:13,Host26,2_0,Enter Town,1661411607,425,1,0,CheckPoint,0
2022-08-25 16:13,Host26,7_0,f2,1661411633,451,1,0,Campfire,0
2022-08-25 16:14,Host26,2_1,Across The River,1661411665,482,1,0,CheckPoint,0
2022-08-25 16:15,Host26,2_2,Splash Combat,1661411723,540,1,0,CheckPoint,0
2022-08-25 16:17,Host26,2_3,Cave Entrance,1661411845,662,1,0,CheckPoint,0
2022-08-25 16:18,Host26,2_4,Find Fruit,1661411933,751,1,0,CheckPoint,0
2022-08-25 16:19,Host26,3_0,Out of the Cave,1661411961,778,1,0,CheckPoint,0
2022-08-25 16:20,Host24,7_0,f1,1661412055,4174,1,1,Campfire,0
2022-08-25 16:21,Host26,7_0,f2,1661412110,927,1,0,Campfire,0
2022-08-25 16:21,Host26,8_0,Dead,1661412066,883,1,0,Dead,0
2022-08-25 16:22,Host24,6_0,OFF,1661412138,4257,1,1,Switch,0
2022-08-25 16:22,Host26,3_1,Town Cave,1661412131,949,1,0,CheckPoint,0
2022-08-25 16:22,Host26,3_2,Bomb & Fruit,1661412151,969,1,0,CheckPoint,0
2022-08-25 16:23,Host26,3_3,Get Key,1661412240,1057,1,0,CheckPoint,0
2022-08-25 16:24,Host26,4_0,Boss,1661412291,1108,1,0,CheckPoint,0
2022-08-25 16:25,Host26,8_0,Dead,1661412349,1167,1,0,Dead,0
2022-08-25 16:33,Host26,4_0,Boss,1661412832,1649,1,0,CheckPoint,0
2022-08-25 16:37,Host26,4_0,Boss,1661413049,1866,1,0,CheckPoint,0
2022-08-25 16:37,Host26,8_0,Dead,1661413042,1860,1,0,Dead,0
2022-08-25 16:39,Host26,4_0,Boss,1661413189,2007,1,0,CheckPoint,0
2022-08-29 11:57,Host16,1_1,Get Homerun,1661741845,317,1,0,CheckPoint,1
2022-08-29 11:55,Host16,8_0,Dead,1661741749,221,1,0,Dead,1
2022-08-29 11:53,Host16,7_0,f1,1661741579,51,1,0,Campfire,1
2022-08-29 11:52,Host16,0_0,ON,1661741528,0,1,0,Switch,1
2022-08-31 22:19,Host27,6_0,OFF,1661951950,650,1,0,Switch,1
2022-08-31 20:19,Host27,4_0,Boss,1661944764,637,1,0,CheckPoint,1
2022-08-31 20:18,Host27,3_3,Get Key,1661944719,592,1,0,CheckPoint,1
2022-08-31 20:18,Host27,3_2,Bomb & Fruit,1661944680,553,1,0,CheckPoint,1
2022-08-31 20:17,Host27,3_1,Town Cave,1661944664,537,1,0,CheckPoint,1
2022-08-31 20:17,Host27,7_0,f2,1661944647,520,1,0,Campfire,1
2022-08-31 20:16,Host27,3_0,Out of the Cave,1661944604,477,1,0,CheckPoint,1
2022-08-31 20:16,Host27,2_4,Find Fruit,1661944580,453,1,0,CheckPoint,1
2022-08-31 20:15,Host27,2_3b,Secret Room,1661944549,422,1,0,CheckPoint,1
2022-08-31 20:15,Host27,2_3,Cave Entrance,1661944521,394,1,0,CheckPoint,1
2022-08-31 20:14,Host27,2_2,Splash Combat,1661944462,335,1,0,CheckPoint,1
2022-08-25 17:05,Host26,6_0,OFF,1661414715,3532,1,0,Switch,0
2022-08-31 20:13,Host27,2_1,Across The River,1661944435,308,1,0,CheckPoint,1
2022-08-31 20:13,Host27,7_0,f2,1661944411,284,1,0,Campfire,1
2022-08-31 20:13,Host27,2_0,Enter Town,1661944401,274,1,0,CheckPoint,1
2022-08-31 20:12,Host27,7_0,f1,1661944376,249,1,0,Campfire,1
2022-08-31 20:12,Host27,1_2,Frog With Flowers,1661944360,233,1,0,CheckPoint,1
2022-08-31 20:11,Host27,1_1,Get Homerun,1661944319,192,1,0,CheckPoint,1
2022-08-31 20:10,Host27,7_0,f1,1661944253,126,1,0,Campfire,1
2022-08-31 20:08,Host27,0_0,ON,1661944127,0,1,0,Switch,1
2022-08-25 15:50,Host28,6_0,OFF,1661410230,10593,1,1,Switch,1
2022-08-25 15:47,Host28,8_0,Dead,1661410020,10383,1,1,Dead,1
2022-08-25 13:27,Host28,8_0,Dead,1661401634,1997,1,1,Dead,1
2022-08-25 13:26,Host28,4_0,Boss,1661401589,1952,1,1,CheckPoint,1
2022-08-25 13:26,Host28,8_0,Dead,1661401583,1946,1,1,Dead,1
2022-08-25 13:24,Host28,4_0,Boss,1661401465,1828,1,1,CheckPoint,1
2022-08-25 13:23,Host28,3_3,Get Key,1661401418,1782,1,1,CheckPoint,1
2022-08-25 13:22,Host28,3_1,Town Cave,1661401354,1717,1,1,CheckPoint,1
2022-08-25 13:22,Host28,3_2,Bomb & Fruit,1661401370,1733,1,1,CheckPoint,1
2022-08-25 13:19,Host28,8_0,Dead,1661401173,1536,1,1,Dead,1
2022-08-25 13:13,Host28,3_0,Out of the Cave,1661400781,1144,1,1,CheckPoint,1
2022-08-25 13:12,Host28,2_4,Find Fruit,1661400744,1107,1,1,CheckPoint,1
2022-08-25 13:11,Host28,8_0,Dead,1661400705,1068,1,1,Dead,1
2022-08-25 13:10,Host28,2_3,Cave Entrance,1661400636,999,1,1,CheckPoint,1
2022-08-25 13:08,Host28,8_0,Dead,1661400501,864,1,1,Dead,1
2022-08-25 13:06,Host28,8_0,Dead,1661400399,763,1,1,Dead,1
2022-08-25 13:05,Host28,8_0,Dead,1661400331,694,1,1,Dead,1
2022-08-25 13:03,Host28,2_2,Splash Combat,1661400199,562,1,1,CheckPoint,1
2022-08-25 13:03,Host28,7_0,f2,1661400222,585,1,1,Campfire,1
2022-08-25 13:03,Host28,8_0,Dead,1661400215,578,1,1,Dead,1
2022-08-25 13:02,Host28,2_1,Across The River,1661400150,513,1,1,CheckPoint,1
2022-08-25 13:01,Host28,2_0,Enter Town,1661400078,442,1,1,CheckPoint,1
2022-08-25 19:09,Host20,8_0,Dead,1661422176,19215,1,1,Dead,0
2022-08-25 19:11,Host20,3_1,Town Cave,1661422287,19325,1,1,CheckPoint,0
2022-08-25 19:12,Host20,3_2,Bomb & Fruit,1661422306,19344,1,1,CheckPoint,0
2022-08-25 19:12,Host20,3_3,Get Key,1661422348,19386,1,1,CheckPoint,0
2022-08-25 19:13,Host20,4_0,Boss,1661422394,19432,1,1,CheckPoint,0
2022-08-25 19:14,Host20,4_0,Boss,1661422476,19515,1,1,CheckPoint,0
2022-08-25 19:14,Host20,8_0,Dead,1661422470,19509,1,1,Dead,0
2022-08-25 19:15,Host20,4_0,Boss,1661422540,19578,1,1,CheckPoint,0
2022-08-25 19:15,Host20,8_0,Dead,1661422533,19572,1,1,Dead,0
2022-08-25 19:17,Host20,4_0,Boss,1661422639,19677,1,1,CheckPoint,0
2022-08-25 19:17,Host20,8_0,Dead,1661422629,19667,1,1,Dead,0
2022-08-25 19:44,Host20,4_0,Boss,1661424284,21322,1,1,CheckPoint,0
2022-08-25 19:44,Host20,8_0,Dead,1661424278,21316,1,1,Dead,0
2022-08-25 20:38,Host20,6_0,OFF,1661427493,24531,1,1,Switch,0
2022-08-25 13:01,Host28,7_0,f2,1661400103,466,1,1,Campfire,1
2022-08-25 13:00,Host28,7_0,f1,1661400009,372,1,1,Campfire,1
2022-08-25 12:59,Host28,1_2,Frog With Flowers,1661399963,326,1,1,CheckPoint,1
2022-08-25 12:58,Host28,1_1,Get Homerun,1661399884,247,1,1,CheckPoint,1
2022-08-25 12:56,Host28,7_0,f1,1661399766,129,1,1,Campfire,1
2022-08-25 12:55,Host28,7_0,f1,1661399700,63,1,1,Campfire,1
2022-08-25 12:55,Host28,8_0,Dead,1661399759,122,1,1,Dead,1
2022-08-25 12:53,Host28,0_0,ON,1661399637,0,1,1,Switch,1
2022-08-25 12:14,Host29,6_0,OFF,1661397265,850,2,0,Switch,1
2022-08-25 12:14,Host29,4_0,Boss,1661397258,843,2,0,CheckPoint,1
2022-08-25 12:13,Host29,3_3,Get Key,1661397210,795,2,0,CheckPoint,1
2022-08-25 12:13,Host29,3_2,Bomb & Fruit,1661397185,770,2,0,CheckPoint,1
2022-08-25 12:12,Host29,3_1,Town Cave,1661397169,754,2,0,CheckPoint,1
2022-08-25 12:11,Host29,3_0,Out of the Cave,1661397102,687,2,0,CheckPoint,1
2022-08-25 12:10,Host29,2_4,Find Fruit,1661397038,623,2,0,CheckPoint,1
2022-08-25 12:09,Host29,2_3b,Secret Room,1661396998,583,2,0,CheckPoint,1
2022-08-25 12:09,Host29,2_3,Cave Entrance,1661396973,558,2,0,CheckPoint,1
2022-08-25 12:08,Host29,2_2,Splash Combat,1661396902,487,2,0,CheckPoint,1
2022-08-25 12:07,Host29,2_1,Across The River,1661396879,464,2,0,CheckPoint,1
2022-08-25 12:07,Host29,7_0,f2,1661396853,438,2,0,Campfire,1
2022-08-25 12:06,Host29,2_0,Enter Town,1661396820,405,2,0,CheckPoint,1
2022-08-25 12:06,Host29,1_2,Frog With Flowers,1661396787,372,2,0,CheckPoint,1
2022-08-25 12:05,Host29,1_1,Get Homerun,1661396717,302,2,0,CheckPoint,1
2022-08-25 12:03,Host29,7_0,f1,1661396634,219,2,0,Campfire,1
2022-08-25 12:02,Host29,0_0,ON,1661396577,162,2,0,Switch,1
2022-08-25 12:02,Host29,6_0,OFF,1661396566,151,1,0,Switch,1
2022-08-25 12:02,Host29,8_0,Dead,1661396554,139,1,0,Dead,1
2022-08-25 12:01,Host29,7_0,f1,1661396484,69,1,0,Campfire,1
2022-08-25 12:00,Host29,0_0,ON,1661396415,0,1,0,Switch,1
2022-08-26 9:23,Host30,6_0,OFF,1661473413,2304,2,0,Switch,1
2022-08-26 9:22,Host30,7_0,f2,1661473376,2267,2,0,Campfire,1
2022-08-26 9:22,Host30,7_0,f1,1661473361,2252,2,0,Campfire,1
2022-08-26 9:20,Host30,5_0,Clear,1661473230,2121,2,0,Clear,1
2022-08-26 9:16,Host30,8_0,Dead,1661472962,1853,2,0,Dead,1
2022-08-26 9:13,Host30,8_0,Dead,1661472818,1709,2,0,Dead,1
2022-08-26 9:12,Host30,8_0,Dead,1661472748,1639,2,0,Dead,1
2022-08-26 10:13,Host31,0_0,ON,1661476383,0,1,0,Switch,0
2022-08-26 10:13,Host32,0_0,ON,1661476385,0,1,0,Switch,0
2022-08-26 10:14,Host32,7_0,f1,1661476488,103,1,0,Campfire,0
2022-08-26 10:16,Host31,7_0,f1,1661476565,182,1,0,Campfire,0
2022-08-26 10:16,Host32,1_1,Get Homerun,1661476595,210,1,0,CheckPoint,0
2022-08-26 10:19,Host31,1_1,Get Homerun,1661476756,373,1,0,CheckPoint,0
2022-08-26 10:21,Host31,1_2,Frog With Flowers,1661476902,520,1,0,CheckPoint,0
2022-08-26 10:23,Host32,1_2,Frog With Flowers,1661477008,623,1,0,CheckPoint,0
2022-08-26 10:24,Host31,2_0,Enter Town,1661477050,667,1,0,CheckPoint,0
2022-08-26 10:25,Host31,2_1,Across The River,1661477129,746,1,0,CheckPoint,0
2022-08-26 10:25,Host31,7_0,f2,1661477100,717,1,0,Campfire,0
2022-08-26 10:25,Host32,2_0,Enter Town,1661477157,772,1,0,CheckPoint,0
2022-08-26 10:26,Host31,2_2,Splash Combat,1661477173,790,1,0,CheckPoint,0
2022-08-26 10:26,Host31,7_0,f2,1661477215,832,1,0,Campfire,0
2022-08-26 10:26,Host31,8_0,Dead,1661477209,826,1,0,Dead,0
2022-08-26 10:26,Host32,7_0,f2,1661477193,807,1,0,Campfire,0
2022-08-26 10:27,Host32,2_1,Across The River,1661477229,844,1,0,CheckPoint,0
2022-08-26 10:27,Host32,8_0,Dead,1661477247,861,1,0,Dead,0
2022-08-26 10:28,Host31,8_0,Dead,1661477294,911,1,0,Dead,0
2022-08-26 10:28,Host32,2_2,Splash Combat,1661477330,945,1,0,CheckPoint,0
2022-08-26 10:29,Host31,8_0,Dead,1661477373,990,1,0,Dead,0
2022-08-26 10:30,Host32,7_0,f2,1661477416,1031,1,0,Campfire,0
2022-08-26 10:30,Host32,8_0,Dead,1661477409,1024,1,0,Dead,0
2022-08-26 10:31,Host31,8_0,Dead,1661477503,1120,1,0,Dead,0
2022-08-26 10:32,Host32,2_3,Cave Entrance,1661477534,1148,1,0,CheckPoint,0
2022-08-26 10:32,Host32,2_3b,Secret Room,1661477558,1172,1,0,CheckPoint,0
2022-08-26 10:33,Host31,8_0,Dead,1661477619,1236,1,0,Dead,0
2022-08-26 10:34,Host32,2_4,Find Fruit,1661477648,1263,1,0,CheckPoint,0
2022-08-26 10:35,Host31,2_3,Cave Entrance,1661477729,1346,1,0,CheckPoint,0
2022-08-26 10:36,Host31,2_4,Find Fruit,1661477800,1417,1,0,CheckPoint,0
2022-08-26 10:37,Host31,3_0,Out of the Cave,1661477830,1447,1,0,CheckPoint,0
2022-08-26 10:37,Host32,6_0,OFF,1661477869,1484,1,0,Switch,0
2022-08-26 10:38,Host31,8_0,Dead,1661477933,1550,1,0,Dead,0
2022-08-26 10:40,Host31,7_0,f2,1661478052,1669,1,0,Campfire,0
2022-08-26 10:40,Host31,8_0,Dead,1661478009,1626,1,0,Dead,0
2022-08-26 10:41,Host31,3_1,Town Cave,1661478071,1688,1,0,CheckPoint,0
2022-08-26 10:41,Host31,3_2,Bomb & Fruit,1661478084,1701,1,0,CheckPoint,0
2022-08-26 10:42,Host31,3_3,Get Key,1661478162,1779,1,0,CheckPoint,0
2022-08-26 10:43,Host31,4_0,Boss,1661478235,1852,1,0,CheckPoint,0
2022-08-26 10:45,Host31,4_0,Boss,1661478321,1938,1,0,CheckPoint,0
2022-08-26 10:45,Host31,8_0,Dead,1661478315,1932,1,0,Dead,0
2022-08-26 10:47,Host31,4_0,Boss,1661478457,2074,1,0,CheckPoint,0
2022-08-26 10:47,Host31,8_0,Dead,1661478450,2067,1,0,Dead,0
2022-08-26 10:48,Host31,4_0,Boss,1661478537,2155,1,0,CheckPoint,0
2022-08-26 10:48,Host31,8_0,Dead,1661478531,2148,1,0,Dead,0
2022-08-26 10:49,Host31,6_0,OFF,1661478552,2169,1,0,Switch,0
2022-08-26 12:25,Host33,0_0,ON,1661484345,0,1,0,Switch,0
2022-08-26 12:26,Host33,7_0,f1,1661484419,74,1,0,Campfire,0
2022-08-26 12:29,Host33,1_1,Get Homerun,1661484556,211,1,0,CheckPoint,0
2022-08-26 12:30,Host34,0_0,ON,1661484614,0,1,0,Switch,0
2022-08-26 12:31,Host33,1_2,Frog With Flowers,1661484695,350,1,0,CheckPoint,0
2022-08-26 12:31,Host33,8_0,Dead,1661484705,360,1,0,Dead,0
2022-08-26 12:31,Host34,7_0,f1,1661484718,104,1,0,Campfire,0
2022-08-26 12:32,Host34,7_0,f1,1661484723,110,1,0,Campfire,0
2022-08-26 12:33,Host33,2_0,Enter Town,1661484836,491,1,0,CheckPoint,0
2022-08-26 12:33,Host34,8_0,Dead,1661484804,190,1,0,Dead,0
2022-08-26 12:33,Host34,7_0,f1,1661484815,201,1,0,Campfire,0
2022-08-26 12:34,Host33,2_1,Across The River,1661484889,545,1,0,CheckPoint,0
2022-08-26 12:34,Host33,7_0,f2,1661484855,511,1,0,Campfire,0
2022-08-26 12:35,Host33,2_2,Splash Combat,1661484916,571,1,0,CheckPoint,0
2022-08-26 12:35,Host34,8_0,Dead,1661484904,290,1,0,Dead,0
2022-08-26 12:35,Host34,6_0,OFF,1661484909,295,1,0,Switch,0
2022-08-26 12:36,Host33,7_0,f2,1661484977,633,1,0,Campfire,0
2022-08-26 12:36,Host33,8_0,Dead,1661484970,626,1,0,Dead,0
2022-08-26 12:37,Host33,2_3,Cave Entrance,1661485056,712,1,0,CheckPoint,0
2022-08-26 12:38,Host33,8_0,Dead,1661485106,761,1,0,Dead,0
2022-08-26 12:38,Host33,6_0,OFF,1661485110,765,1,0,Switch,0
2022-08-26 13:51,Host35,0_0,ON,1661489515,0,1,1,Switch,0
2022-08-26 13:53,Host35,7_0,f1,1661489639,125,1,1,Campfire,0
2022-08-26 13:53,Host35,8_0,Dead,1661489589,75,1,1,Dead,0
2022-08-26 13:54,Host35,8_0,Dead,1661489687,172,1,1,Dead,0
2022-08-26 13:55,Host35,8_0,Dead,1661489760,245,1,1,Dead,0
2022-08-26 13:55,Host35,8_0,Dead,1661489718,204,1,1,Dead,0
2022-08-26 13:58,Host35,1_1,Get Homerun,1661489910,395,1,1,CheckPoint,0
2022-08-26 13:58,Host35,7_0,f1,1661489902,387,1,1,Campfire,0
2022-08-26 14:03,Host35,1_2,Frog With Flowers,1661490211,696,1,1,CheckPoint,0
2022-08-26 14:06,Host35,7_0,f1,1661490385,870,1,1,Campfire,0
2022-08-26 14:08,Host35,2_0,Enter Town,1661490518,1004,1,1,CheckPoint,0
2022-08-26 14:11,Host35,7_0,f2,1661490695,1181,1,1,Campfire,0
2022-08-26 14:12,Host35,2_1,Across The River,1661490734,1219,1,1,CheckPoint,0
2022-08-26 14:14,Host35,2_2,Splash Combat,1661490853,1339,1,1,CheckPoint,0
2022-08-26 14:15,Host35,7_0,f2,1661490929,1414,1,1,Campfire,0
2022-08-26 14:15,Host35,8_0,Dead,1661490922,1407,1,1,Dead,0
2022-08-26 14:17,Host35,2_3,Cave Entrance,1661491028,1513,1,1,CheckPoint,0
2022-08-26 14:18,Host35,2_4,Find Fruit,1661491102,1587,1,1,CheckPoint,0
2022-08-26 14:18,Host35,3_0,Out of the Cave,1661491131,1616,1,1,CheckPoint,0
2022-08-26 14:21,Host35,7_0,f2,1661491313,1798,1,1,Campfire,0
2022-08-26 14:23,Host35,3_1,Town Cave,1661491421,1906,1,1,CheckPoint,0
2022-08-26 14:24,Host35,3_2,Bomb & Fruit,1661491451,1936,1,1,CheckPoint,0
2022-08-26 14:25,Host35,3_3,Get Key,1661491537,2023,1,1,CheckPoint,0
2022-08-26 14:26,Host35,4_0,Boss,1661491600,2086,1,1,CheckPoint,0
2022-08-26 14:27,Host35,8_0,Dead,1661491649,2135,1,1,Dead,0
2022-08-26 14:28,Host35,8_0,Dead,1661491717,2202,1,1,Dead,0
2022-08-26 14:32,Host35,8_0,Dead,1661491935,2420,1,1,Dead,0
2022-08-26 14:33,Host35,8_0,Dead,1661491995,2480,1,1,Dead,0
2022-08-26 14:36,Host35,8_0,Dead,1661492172,2657,1,1,Dead,0
2022-08-26 14:37,Host35,8_0,Dead,1661492262,2747,1,1,Dead,0
2022-08-26 14:37,Host35,8_0,Dead,1661492222,2707,1,1,Dead,0
2022-08-26 14:39,Host35,8_0,Dead,1661492359,2844,1,1,Dead,0
2022-08-26 14:41,Host35,8_0,Dead,1661492478,2964,1,1,Dead,0
2022-08-26 14:42,Host35,8_0,Dead,1661492548,3033,1,1,Dead,0
2022-08-26 14:44,Host35,8_0,Dead,1661492658,3143,1,1,Dead,0
2022-08-26 14:45,Host35,8_0,Dead,1661492701,3186,1,1,Dead,0
2022-08-26 14:48,Host35,4_0,Boss,1661492937,3422,1,1,CheckPoint,0
2022-08-26 14:55,Host35,8_0,Dead,1661493336,3821,1,1,Dead,0
2022-08-26 15:07,Host35,8_0,Dead,1661494056,4541,1,1,Dead,0
2022-08-26 15:08,Host35,8_0,Dead,1661494137,4623,1,1,Dead,0
2022-08-26 15:25,Host35,8_0,Dead,1661495114,5600,1,1,Dead,0
2022-08-26 15:27,Host35,8_0,Dead,1661495220,5705,1,1,Dead,0
2022-08-26 15:30,Host35,8_0,Dead,1661495402,5887,1,1,Dead,0
2022-08-26 15:45,Host35,8_0,Dead,1661496319,6804,1,1,Dead,0
2022-08-26 15:52,Host35,8_0,Dead,1661496765,7251,1,1,Dead,0
2022-08-26 16:07,Host35,8_0,Dead,1661497653,8138,1,1,Dead,0
2022-08-26 17:35,Host35,8_0,Dead,1661502953,13439,1,1,Dead,0
2022-08-26 18:42,Host35,8_0,Dead,1661506972,17458,1,1,Dead,0
2022-08-27 10:30,Host36,0_0,ON,1661563822,0,1,0,Switch,0
2022-08-27 10:31,Host36,7_0,f1,1661563885,63,1,0,Campfire,0
2022-08-27 10:33,Host36,8_0,Dead,1661564013,191,1,0,Dead,0
2022-08-27 10:35,Host36,1_1,Get Homerun,1661564109,287,1,0,CheckPoint,0
2022-08-27 10:36,Host36,1_2,Frog With Flowers,1661564181,359,1,0,CheckPoint,0
2022-08-27 10:36,Host36,8_0,Dead,1661564210,388,1,0,Dead,0
2022-08-27 10:37,Host36,2_0,Enter Town,1661564250,428,1,0,CheckPoint,0
2022-08-27 10:38,Host36,2_1,Across The River,1661564310,488,1,0,CheckPoint,0
2022-08-27 10:38,Host36,2_2,Splash Combat,1661564331,509,1,0,CheckPoint,0
2022-08-27 10:38,Host36,7_0,f2,1661564288,466,1,0,Campfire,0
2022-08-27 10:39,Host36,8_0,Dead,1661564385,562,1,0,Dead,0
2022-08-27 10:41,Host36,2_3,Cave Entrance,1661564476,654,1,0,CheckPoint,0
2022-08-27 10:42,Host36,2_4,Find Fruit,1661564527,705,1,0,CheckPoint,0
2022-08-27 10:42,Host36,3_0,Out of the Cave,1661564561,739,1,0,CheckPoint,0
2022-08-27 10:43,Host36,6_0,OFF,1661564582,759,1,0,Switch,0
2022-08-28 7:08,Host36,0_0,ON,1661638116,0,2,0,Switch,0
2022-08-28 7:09,Host36,7_0,f1,1661638183,67,2,0,Campfire,0
2022-08-28 7:10,Host36,8_0,Dead,1661638250,134,2,0,Dead,0
2022-08-28 7:12,Host36,1_1,Get Homerun,1661638338,222,2,0,CheckPoint,0
2022-08-28 7:13,Host36,1_2,Frog With Flowers,1661638421,305,2,0,CheckPoint,0
2022-08-28 7:14,Host36,2_0,Enter Town,1661638485,369,2,0,CheckPoint,0
2022-08-28 7:14,Host36,7_0,f2,1661638498,382,2,0,Campfire,0
2022-08-28 7:15,Host36,2_1,Across The River,1661638529,413,2,0,CheckPoint,0
2022-08-28 7:15,Host36,2_2,Splash Combat,1661638548,432,2,0,CheckPoint,0
2022-08-28 7:17,Host36,2_3,Cave Entrance,1661638627,511,2,0,CheckPoint,0
2022-08-28 7:17,Host36,8_0,Dead,1661638650,534,2,0,Dead,0
2022-08-28 7:18,Host36,2_4,Find Fruit,1661638690,574,2,0,CheckPoint,0
2022-08-28 7:18,Host36,3_0,Out of the Cave,1661638718,601,2,0,CheckPoint,0
2022-08-28 7:19,Host36,3_1,Town Cave,1661638792,675,2,0,CheckPoint,0
2022-08-28 7:19,Host36,7_0,f2,1661638778,662,2,0,Campfire,0
2022-08-28 7:20,Host36,3_2,Bomb & Fruit,1661638812,696,2,0,CheckPoint,0
2022-08-28 7:21,Host36,3_3,Get Key,1661638874,758,2,0,CheckPoint,0
2022-08-28 7:23,Host36,4_0,Boss,1661638994,878,2,0,CheckPoint,0
2022-08-28 7:24,Host36,8_0,Dead,1661639046,930,2,0,Dead,0
2022-08-28 7:26,Host36,8_0,Dead,1661639163,1046,2,0,Dead,0
2022-08-28 7:27,Host36,8_0,Dead,1661639224,1108,2,0,Dead,0
2022-08-28 7:27,Host36,6_0,OFF,1661639229,1112,2,0,Switch,0
2022-08-29 11:37,Host35,8_0,Dead,1661740662,251147,1,1,Dead,0
2022-08-26 9:09,Host30,8_0,Dead,1661472580,1471,2,0,Dead,1
2022-08-26 9:07,Host30,8_0,Dead,1661472427,1318,2,0,Dead,1
2022-08-26 9:04,Host30,8_0,Dead,1661472269,1160,2,0,Dead,1
2022-08-26 9:02,Host30,4_0,Boss,1661472167,1058,2,0,CheckPoint,1
2022-08-26 9:02,Host30,8_0,Dead,1661472160,1051,2,0,Dead,1
2022-08-26 9:01,Host30,4_0,Boss,1661472079,970,2,0,CheckPoint,1
2022-08-26 9:01,Host30,8_0,Dead,1661472072,963,2,0,Dead,1
2022-08-26 8:58,Host30,4_0,Boss,1661471899,790,2,0,CheckPoint,1
2022-08-26 8:58,Host30,8_0,Dead,1661471894,785,2,0,Dead,1
2022-08-26 8:57,Host30,4_0,Boss,1661471849,740,2,0,CheckPoint,1
2022-08-26 8:57,Host30,8_0,Dead,1661471842,733,2,0,Dead,1
2022-08-26 8:55,Host30,4_0,Boss,1661471725,616,2,0,CheckPoint,1
2022-08-26 8:54,Host30,3_3,Get Key,1661471688,579,2,0,CheckPoint,1
2022-08-26 8:54,Host30,3_2,Bomb & Fruit,1661471667,558,2,0,CheckPoint,1
2022-08-26 8:54,Host30,3_1,Town Cave,1661471655,546,2,0,CheckPoint,1
2022-08-26 8:54,Host30,7_0,f2,1661471640,531,2,0,Campfire,1
2022-08-26 8:52,Host30,3_0,Out of the Cave,1661471577,468,2,0,CheckPoint,1
2022-08-26 8:52,Host30,2_4,Find Fruit,1661471554,445,2,0,CheckPoint,1
2022-08-26 8:52,Host30,2_3,Cave Entrance,1661471524,415,2,0,CheckPoint,1
2022-08-26 8:50,Host30,7_0,f2,1661471430,321,2,0,Campfire,1
2022-08-29 12:19,Host1,0_0,ON,1661743148,0,3,0,Switch,0
2022-08-29 12:19,Host1,7_0,f1,1661743196,48,3,0,Campfire,0
2022-08-26 8:50,Host30,8_0,Dead,1661471406,297,2,0,Dead,1
2022-08-26 8:49,Host30,2_2,Splash Combat,1661471359,250,2,0,CheckPoint,1
2022-08-26 8:49,Host30,2_1,Across The River,1661471345,236,2,0,CheckPoint,1
2022-08-29 12:21,Host1,1_1,Get Homerun,1661743274,126,3,0,CheckPoint,0
2022-08-26 8:48,Host30,2_0,Enter Town,1661471313,204,2,0,CheckPoint,1
2022-08-29 12:22,Host1,1_2,Frog With Flowers,1661743344,196,3,0,CheckPoint,0
2022-08-29 12:23,Host1,2_0,Enter Town,1661743403,255,3,0,CheckPoint,0
2022-08-29 12:23,Host1,7_0,f2,1661743428,281,3,0,Campfire,0
2022-08-26 8:48,Host30,7_0,f1,1661471287,178,2,0,Campfire,1
2022-08-26 8:47,Host30,1_2,Frog With Flowers,1661471264,155,2,0,CheckPoint,1
2022-08-26 8:46,Host30,1_1,Get Homerun,1661471207,98,2,0,CheckPoint,1
2022-08-29 12:24,Host1,2_1,Across The River,1661743448,300,3,0,CheckPoint,0
2022-08-29 12:24,Host1,2_2,Splash Combat,1661743465,317,3,0,CheckPoint,0
2022-08-26 8:45,Host30,7_0,f1,1661471147,38,2,0,Campfire,1
2022-08-29 12:25,Host1,2_3,Cave Entrance,1661743536,388,3,0,CheckPoint,0
2022-08-26 8:45,Host30,0_0,ON,1661471109,0,2,0,TurnOn,1
2022-08-29 12:26,Host1,2_4,Find Fruit,1661743581,433,3,0,CheckPoint,0
2022-08-29 12:26,Host1,3_0,Out of the Cave,1661743609,461,3,0,CheckPoint,0
2022-08-29 12:27,Host1,7_0,f2,1661743677,529,3,0,Campfire,0
2022-08-29 12:28,Host1,3_1,Town Cave,1661743702,554,3,0,CheckPoint,0
2022-08-29 12:28,Host1,3_2,Bomb & Fruit,1661743730,582,3,0,CheckPoint,0
2022-08-25 13:33,Host30,6_0,OFF,1661402035,985,1,0,Switch,1
2022-08-29 12:29,Host1,3_3,Get Key,1661743752,604,3,0,CheckPoint,0
2022-08-29 12:29,Host1,4_0,Boss,1661743796,648,3,0,CheckPoint,0
2022-08-25 13:33,Host30,8_0,Dead,1661402022,972,1,0,Dead,1
2022-08-29 12:32,Host1,8_0,Dead,1661743934,786,3,0,Dead,0
2022-08-29 12:33,Host1,6_0,OFF,1661743999,851,3,0,Switch,0
2022-08-29 13:52,Host35,8_0,Dead,1661748775,259260,1,1,Dead,0
2022-08-29 13:54,Host35,8_0,Dead,1661748872,259357,1,1,Dead,0
2022-08-29 16:53,Host35,8_0,Dead,1661759604,270089,1,1,Dead,0
2022-08-29 16:54,Host35,4_0,Boss,1661759682,270167,1,1,CheckPoint,0
2022-08-29 16:54,Host35,8_0,Dead,1661759657,270142,1,1,Dead,0
2022-08-29 19:31,Host37,0_0,ON,1661769104,0,1,0,Switch,0
2022-08-29 19:32,Host37,7_0,f1,1661769152,49,1,0,Campfire,0
2022-08-29 19:34,Host37,1_1,Get Homerun,1661769248,144,1,0,CheckPoint,0
2022-08-29 19:34,Host37,8_0,Dead,1661769263,159,1,0,Dead,0
2022-08-29 19:35,Host37,1_2,Frog With Flowers,1661769342,238,1,0,CheckPoint,0
2022-08-29 19:37,Host37,2_0,Enter Town,1661769461,357,1,0,CheckPoint,0
2022-08-29 19:38,Host37,2_1,Across The River,1661769521,417,1,0,CheckPoint,0
2022-08-29 19:38,Host37,7_0,f2,1661769492,388,1,0,Campfire,0
2022-08-29 19:39,Host37,2_2,Splash Combat,1661769551,447,1,0,CheckPoint,0
2022-08-29 19:40,Host37,2_3,Cave Entrance,1661769642,538,1,0,CheckPoint,0
2022-08-29 19:41,Host37,2_4,Find Fruit,1661769688,584,1,0,CheckPoint,0
2022-08-29 19:41,Host37,8_0,Dead,1661769713,609,1,0,Dead,0
2022-08-29 19:41,Host37,8_0,Dead,1661769689,585,1,0,Dead,0
2022-08-29 19:42,Host37,6_0,OFF,1661769735,631,1,0,Switch,0
2022-08-30 12:18,Host38,0_0,ON,1661829498,0,1,0,Switch,0
2022-08-30 12:21,Host38,7_0,f1,1661829682,184,1,0,Campfire,0
2022-08-30 12:21,Host38,7_0,f1,1661829677,179,1,0,Campfire,0
2022-08-30 12:23,Host38,8_0,Dead,1661829787,289,1,0,Dead,0
2022-08-30 12:23,Host38,6_0,OFF,1661829795,297,1,0,Switch,0
2022-08-30 12:43,Host35,8_0,Dead,1661830995,341480,1,1,Dead,0
2022-08-31 11:00,Host35,8_0,Dead,1661911216,421702,1,1,Dead,0
2022-08-25 13:31,Host30,8_0,Dead,1661401883,833,1,0,Dead,1
2022-08-25 13:29,Host30,8_0,Dead,1661401798,748,1,0,Dead,1
2022-08-25 13:27,Host30,4_0,Boss,1661401650,600,1,0,CheckPoint,1
2022-08-25 13:26,Host30,3_3,Get Key,1661401571,521,1,0,CheckPoint,1
2022-08-25 13:25,Host30,3_2,Bomb & Fruit,1661401536,486,1,0,CheckPoint,1
2022-08-25 13:25,Host30,3_1,Town Cave,1661401521,471,1,0,CheckPoint,1
2022-08-25 13:24,Host30,7_0,f2,1661401497,447,1,0,Campfire,1
2022-08-25 13:24,Host30,3_0,Out of the Cave,1661401471,421,1,0,CheckPoint,1
2022-08-25 13:24,Host30,2_4,Find Fruit,1661401444,394,1,0,CheckPoint,1
2022-08-25 13:23,Host30,2_3,Cave Entrance,1661401399,349,1,0,CheckPoint,1
2022-08-25 13:21,Host30,2_2,Splash Combat,1661401316,266,1,0,CheckPoint,1
2022-08-25 13:21,Host30,2_1,Across The River,1661401300,250,1,0,CheckPoint,1
2022-08-25 13:20,Host30,2_0,Enter Town,1661401255,205,1,0,CheckPoint,1
2022-08-25 13:20,Host30,1_2,Frog With Flowers,1661401218,168,1,0,CheckPoint,1
2022-08-25 13:19,Host30,1_1,Get Homerun,1661401171,121,1,0,CheckPoint,1
2022-08-25 13:19,Host30,7_0,f1,1661401163,113,1,0,Campfire,1
2022-08-25 13:18,Host30,7_0,f1,1661401096,46,1,0,Campfire,1
2022-08-25 13:17,Host30,0_0,ON,1661401050,0,1,0,Switch,1
2022-08-25 12:24,Host39,6_0,OFF,1661397880,1426,1,0,Switch,1
2022-09-01 11:24,Host1,0_0,ON,1661999053,0,4,0,Switch,0
2022-09-01 11:25,Host1,7_0,f1,1661999102,49,4,0,Campfire,0
2022-09-01 11:26,Host1,1_1,Get Homerun,1661999176,123,4,0,CheckPoint,0
2022-09-01 11:27,Host1,1_2,Frog With Flowers,1661999224,171,4,0,CheckPoint,0
2022-09-01 11:28,Host1,2_0,Enter Town,1661999288,235,4,0,CheckPoint,0
2022-09-01 11:28,Host1,7_0,f2,1661999309,256,4,0,Campfire,0
2022-09-01 11:29,Host1,2_1,Across The River,1661999342,289,4,0,CheckPoint,0
2022-09-01 11:29,Host1,2_2,Splash Combat,1661999361,308,4,0,CheckPoint,0
2022-09-01 11:30,Host1,2_3,Cave Entrance,1661999437,384,4,0,CheckPoint,0
2022-09-01 11:31,Host1,2_4,Find Fruit,1661999499,446,4,0,CheckPoint,0
2022-09-01 11:31,Host1,8_0,Dead,1661999466,413,4,0,Dead,0
2022-09-01 11:32,Host1,3_0,Out of the Cave,1661999529,476,4,0,CheckPoint,0
2022-09-01 11:33,Host1,6_0,OFF,1661999615,562,4,0,Switch,0
2022-09-01 12:54,Host35,8_0,Dead,1662004440,514925,1,1,Dead,0
2022-08-25 12:23,Host39,8_0,Dead,1661397803,1349,1,0,Dead,1
2022-08-25 12:22,Host39,4_0,Boss,1661397754,1330,1,0,CheckPoint,1
2022-08-25 12:21,Host39,3_3,Get Key,1661397714,1260,1,0,CheckPoint,1
2022-08-25 12:20,Host39,3_2,Bomb & Fruit,1661397658,1204,1,0,CheckPoint,1
2022-08-25 12:20,Host39,3_1,Town Cave,1661397641,1187,1,0,CheckPoint,1
2022-08-25 12:20,Host39,2_0,Enter Town,1661397633,1179,1,0,CheckPoint,1
2022-08-25 12:19,Host39,7_0,f1,1661397584,1130,1,0,Campfire,1
2022-08-25 12:15,Host39,2_4,Find Fruit,1661397338,884,1,0,CheckPoint,1
2022-08-25 12:14,Host39,3_0,Out of the Cave,1661397262,808,1,0,CheckPoint,1
2022-08-25 12:13,Host39,2_4,Find Fruit,1661397191,737,1,0,CheckPoint,1
2022-08-25 12:12,Host39,2_3,Cave Entrance,1661397139,685,1,0,CheckPoint,1
2022-08-25 12:11,Host39,7_0,f2,1661397064,610,1,0,Campfire,1
2022-08-25 12:10,Host39,8_0,Dead,1661397056,602,1,0,Dead,1
2022-08-25 12:10,Host39,2_2,Splash Combat,1661397006,552,1,0,CheckPoint,1
2022-08-25 12:09,Host39,2_1,Across The River,1661396972,518,1,0,CheckPoint,1
2022-08-25 12:08,Host39,7_0,f2,1661396940,486,1,0,Campfire,1
2022-08-25 12:08,Host39,2_0,Enter Town,1661396908,454,1,0,CheckPoint,1
2022-08-25 12:07,Host39,8_0,Dead,1661396838,384,1,0,Dead,1
2022-08-25 12:06,Host39,1_2,Frog With Flowers,1661396782,328,1,0,CheckPoint,1
2022-08-25 12:05,Host39,1_1,Get Homerun,1661396721,267,1,0,CheckPoint,1
2022-08-25 12:03,Host39,8_0,Dead,1661396635,181,1,0,Dead,1
2022-08-25 12:01,Host39,7_0,f1,1661396516,62,1,0,Campfire,1
2022-08-25 12:01,Host39,7_0,f1,1661396511,57,1,0,Campfire,1
2022-08-25 12:00,Host39,0_0,ON,1661396454,0,1,0,Switch,1
2022-09-01 15:58,Host40,0_0,ON,1662015482,0,1,0,Switch,0
2022-09-01 15:59,Host40,7_0,f1,1662015558,76,1,0,Campfire,0
2022-09-01 16:02,Host40,1_1,Get Homerun,1662015722,240,1,0,CheckPoint,0
2022-09-01 16:09,Host40,1_2,Frog With Flowers,1662016182,700,1,0,CheckPoint,0
2022-09-01 16:15,Host40,7_0,f1,1662016507,1025,1,0,Campfire,0
2022-09-01 16:16,Host40,2_0,Enter Town,1662016599,1117,1,0,CheckPoint,0
2022-09-01 16:16,Host40,7_0,f1,1662016576,1094,1,0,Campfire,0
2022-09-01 16:17,Host40,7_0,f2,1662016635,1153,1,0,Campfire,0
2022-09-01 16:18,Host40,2_1,Across The River,1662016682,1200,1,0,CheckPoint,0
2022-09-01 16:18,Host40,2_2,Splash Combat,1662016700,1218,1,0,CheckPoint,0
2022-09-01 16:19,Host40,8_0,Dead,1662016783,1301,1,0,Dead,0
2022-09-01 16:21,Host40,8_0,Dead,1662016883,1401,1,0,Dead,0
2022-09-01 16:22,Host40,8_0,Dead,1662016974,1492,1,0,Dead,0
2022-09-01 16:24,Host40,8_0,Dead,1662017052,1570,1,0,Dead,0
2022-09-01 16:25,Host40,8_0,Dead,1662017142,1660,1,0,Dead,0
2022-09-01 16:27,Host40,8_0,Dead,1662017227,1745,1,0,Dead,0
2022-09-01 16:27,Host40,6_0,OFF,1662017230,1748,1,0,Switch,0
2022-09-01 16:31,Host35,8_0,Dead,1662017520,528005,1,1,Dead,0
2022-09-02 8:50,Host41,0_0,ON,1662076223,0,1,0,Switch,0
2022-09-02 8:55,Host41,7_0,f1,1662076558,335,1,0,Campfire,0
2022-09-02 8:57,Host41,7_0,f1,1662076645,422,1,0,Campfire,0
2022-09-02 8:57,Host41,8_0,Dead,1662076637,414,1,0,Dead,0
2022-09-02 8:58,Host41,8_0,Dead,1662076692,469,1,0,Dead,0
2022-09-02 9:02,Host41,8_0,Dead,1662076934,711,1,0,Dead,0
2022-09-02 9:03,Host41,8_0,Dead,1662077010,787,1,0,Dead,0
2022-09-02 9:14,Host41,6_0,OFF,1662077681,1458,1,0,Switch,0
2022-09-02 10:06,Host42,0_0,ON,1662080799,0,1,0,Switch,0
2022-09-02 10:07,Host42,7_0,f1,1662080859,60,1,0,Campfire,0
2022-09-02 10:09,Host42,1_1,Get Homerun,1662080946,148,1,0,CheckPoint,0
2022-09-02 10:10,Host42,1_2,Frog With Flowers,1662081019,220,1,0,CheckPoint,0
2022-09-02 10:10,Host42,7_0,f1,1662081042,244,1,0,Campfire,0
2022-09-02 10:11,Host42,2_0,Enter Town,1662081094,295,1,0,CheckPoint,0
2022-09-02 10:12,Host42,2_1,Across The River,1662081151,352,1,0,CheckPoint,0
2022-09-02 10:12,Host42,2_2,Splash Combat,1662081168,370,1,0,CheckPoint,0
2022-09-02 10:12,Host42,7_0,f2,1662081125,326,1,0,Campfire,0
2022-09-02 10:14,Host42,2_3,Cave Entrance,1662081283,484,1,0,CheckPoint,0
2022-09-02 10:15,Host42,2_4,Find Fruit,1662081354,555,1,0,CheckPoint,0
2022-09-02 10:15,Host42,8_0,Dead,1662081315,516,1,0,Dead,0
2022-09-02 10:16,Host42,3_0,Out of the Cave,1662081391,593,1,0,CheckPoint,0
2022-09-02 10:18,Host42,3_1,Town Cave,1662081510,711,1,0,CheckPoint,0
2022-09-02 10:18,Host42,3_2,Bomb & Fruit,1662081531,733,1,0,CheckPoint,0
2022-09-02 10:18,Host42,7_0,f2,1662081482,684,1,0,Campfire,0
2022-09-02 10:19,Host42,3_3,Get Key,1662081579,781,1,0,CheckPoint,0
2022-09-02 10:20,Host42,7_0,f2,1662081647,848,1,0,Campfire,0
2022-09-02 10:23,Host42,7_0,f2,1662081802,1003,1,0,Campfire,0
2022-09-02 10:24,Host42,4_0,Boss,1662081867,1069,1,0,CheckPoint,0
2022-09-02 10:25,Host42,4_0,Boss,1662081953,1155,1,0,CheckPoint,0
2022-09-02 10:25,Host42,8_0,Dead,1662081947,1148,1,0,Dead,0
2022-09-02 10:26,Host42,8_0,Dead,1662082011,1213,1,0,Dead,0
2022-09-02 10:27,Host42,8_0,Dead,1662082062,1264,1,0,Dead,0
2022-09-02 10:27,Host42,6_0,OFF,1662082065,1266,1,0,Switch,0
2022-09-02 10:35,Host6,0_0,ON,1662082527,0,3,0,Switch,0
2022-09-02 10:36,Host6,7_0,f1,1662082596,69,3,0,Campfire,0
2022-09-02 10:47,Host6,1_1,Get Homerun,1662083261,734,3,0,CheckPoint,0
2022-09-02 10:49,Host6,1_2,Frog With Flowers,1662083349,822,3,0,CheckPoint,0
2022-09-02 10:50,Host6,8_0,Dead,1662083404,877,3,0,Dead,0
2022-09-02 12:29,Host6,6_0,OFF,1662089385,6858,3,0,Switch,0
2022-09-02 15:52,Host2,0_0,ON,1662101543,0,2,0,Switch,0
2022-09-02 15:54,Host2,7_0,f1,1662101645,102,2,0,Campfire,0
2022-09-02 15:55,Host2,1_1,Get Homerun,1662101731,188,2,0,CheckPoint,0
2022-09-02 15:57,Host2,1_2,Frog With Flowers,1662101830,287,2,0,CheckPoint,0
2022-09-02 15:57,Host2,7_0,f1,1662101878,335,2,0,Campfire,0
2022-09-02 15:58,Host2,2_0,Enter Town,1662101897,354,2,0,CheckPoint,0
2022-09-02 15:58,Host2,7_0,f2,1662101926,383,2,0,Campfire,0
2022-09-02 15:59,Host2,2_1,Across The River,1662101959,415,2,0,CheckPoint,0
2022-09-02 16:02,Host35,8_0,Dead,1662102175,612661,1,1,Dead,0
2022-09-02 16:03,Host2,2_2,Splash Combat,1662102237,694,2,0,CheckPoint,0
2022-09-02 16:05,Host2,8_0,Dead,1662102309,765,2,0,Dead,0
2022-09-02 16:05,Host2,6_0,OFF,1662102318,775,2,0,Switch,0
2022-09-02 17:07,Host35,8_0,Dead,1662106021,616506,1,1,Dead,0
